county,state,date_only,wind_speed_max,wind_gust_max,wind_dir,precip_sum,rain_sum,snowfall_sum,temp_mean,temp_max,temp_min,soil_moisture_shallow,soil_moisture_deep
Montgomery,Pennsylvania,2020-08-28,9.7,26.6,269,2.9,2.9,0.0,25.3,32.5,21.8,0.2575,0.27
Chester,Pennsylvania,2020-08-28,9.7,31.8,273,5.4,5.4,0.0,25.8,30.9,22.7,0.3335,0.3562
Rockingham,New Hampshire,2020-07-23,6.0,21.0,256,18.6,18.6,0.0,23.0,29.9,19.1,0.2959,0.2027
Middlesex,New Jersey,2020-08-27,16.7,37.8,258,0.4,0.4,0.0,26.1,34.0,20.0,0.255,0.2781
Chester,Pennsylvania,2020-08-23,7.8,17.4,197,2.7,2.7,0.0,23.1,28.4,19.5,0.3592,0.3801
Monmouth,New Jersey,2020-08-03,11.6,26.4,245,1.2,1.2,0.0,27.4,32.6,22.8,0.2252,0.2195
Middlesex,New Jersey,2020-08-03,12.8,25.3,235,1.5,1.5,0.0,27.4,32.2,23.6,0.302,0.2524
Bucks,Pennsylvania,2020-08-27,16.0,38.5,261,0.0,0.0,0.0,26.3,33.3,19.6,0.252,0.2687
Ocean,New Jersey,2020-08-03,12.0,24.6,237,0.9,0.9,0.0,28.0,33.0,23.8,0.2673,0.2408
Philadelphia,Pennsylvania,2020-08-28,11.7,24.4,268,3.3,3.3,0.0,26.1,32.5,22.8,0.2016,0.2473
Bucks,Pennsylvania,2020-08-28,11.4,29.1,271,0.5,0.5,0.0,25.4,32.2,21.4,0.2605,0.2679
Ocean,New Jersey,2020-08-28,11.3,26.6,277,0.1,0.1,0.0,26.7,33.5,23.1,0.234,0.2511
Fairfield,Connecticut,2020-10-07,13.1,34.4,252,1.2,1.2,0.0,16.0,22.2,11.7,0.213,0.2129
New Haven,Connecticut,2020-10-07,15.4,35.3,246,1.4,1.4,0.0,16.5,22.1,13.1,0.2999,0.2926
Philadelphia,Pennsylvania,2020-08-04,25.7,54.4,195,61.0,61.0,0.0,24.3,27.4,22.2,0.3872,0.348
Bucks,Pennsylvania,2020-08-04,21.1,56.4,185,57.7,57.7,0.0,23.5,26.4,21.4,0.3882,0.3196
Montgomery,Pennsylvania,2020-08-04,22.9,63.3,199,71.2,71.2,0.0,23.4,26.8,21.2,0.3929,0.3313
Kennebec,Maine,2020-01-18,7.6,15.2,329,3.5,0.0,2.45,-14.4,-9.9,-19.5,0.376,0.3813
Androscoggin,Maine,2020-01-16,15.0,32.2,360,12.8,0.0,8.96,-1.3,0.4,-6.2,0.2634,0.2736
Kennebec,Maine,2020-03-23,12.4,29.3,138,6.3,0.0,4.41,-1.3,2.5,-5.3,0.3665,0.376
Erie,New York,2020-03-29,25.5,58.2,211,19.9,19.9,0.0,12.6,20.0,7.7,0.4221,0.4237
Penobscot,Maine,2020-07-02,9.5,22.4,218,2.6,2.6,0.0,22.7,30.5,17.8,0.23,0.2155
Chester,Pennsylvania,2020-03-03,14.1,41.8,218,10.2,10.2,0.0,9.5,13.6,5.8,0.4775,0.461
Montgomery,Pennsylvania,2020-03-03,13.9,39.8,213,11.6,11.6,0.0,10.2,14.7,5.2,0.3935,0.3867
Bucks,Pennsylvania,2020-03-03,14.1,39.6,218,12.3,12.3,0.0,10.1,14.6,6.1,0.3813,0.3737
Ocean,New Jersey,2020-03-03,12.1,30.9,212,4.4,4.4,0.0,11.0,15.1,6.9,0.3463,0.3579
Androscoggin,Maine,2020-03-23,12.5,29.1,130,7.9,0.0,5.53,-1.5,1.9,-5.5,0.2458,0.255
Worcester,Massachusetts,2020-05-15,12.4,35.6,236,6.1,6.1,0.0,16.2,24.0,8.9,0.1799,0.1889
Middlesex,Massachusetts,2020-05-15,11.7,32.0,224,5.3,5.3,0.0,17.0,24.8,10.0,0.3099,0.3145
Suffolk,Massachusetts,2020-05-15,13.2,30.9,221,3.5,3.5,0.0,17.4,24.9,10.5,0.2315,0.2917
Ocean,New Jersey,2020-04-21,19.9,48.1,240,8.0,8.0,0.0,10.3,16.9,5.7,0.3568,0.3466
Monmouth,New Jersey,2020-04-21,15.6,44.7,238,9.4,9.4,0.0,9.3,17.6,5.0,0.2566,0.2488
Middlesex,New Jersey,2020-04-09,23.9,46.8,253,5.7,5.7,0.0,10.6,18.0,6.1,0.374,0.358
Montgomery,Pennsylvania,2020-04-09,21.3,49.7,257,4.9,4.9,0.0,10.5,18.0,7.2,0.382,0.3575
Chester,Pennsylvania,2020-04-09,21.4,51.0,264,5.1,5.1,0.0,10.6,18.6,5.6,0.4615,0.4212
Chester,Pennsylvania,2020-04-21,20.8,44.7,258,6.8,6.8,0.0,8.7,13.5,3.8,0.4441,0.4462
Allegheny,Pennsylvania,2020-04-08,14.6,29.3,287,3.1,3.1,0.0,15.2,20.3,10.9,0.4929,0.4831
Monmouth,New Jersey,2020-04-09,16.1,47.4,233,7.2,7.2,0.0,10.6,18.0,5.7,0.2689,0.2499
Bucks,Pennsylvania,2020-04-09,20.4,50.8,251,4.3,4.3,0.0,10.1,17.9,5.3,0.3764,0.3541
Philadelphia,Pennsylvania,2020-04-09,24.7,47.6,259,5.1,5.1,0.0,11.3,19.2,8.1,0.348,0.3082
Nassau,New York,2020-04-09,21.9,47.9,241,20.4,20.4,0.0,9.1,14.0,6.1,0.4021,0.3974
Suffolk,New York,2020-04-09,25.3,52.6,217,16.1,16.1,0.0,9.0,12.5,6.9,0.4001,0.3958
Essex,Massachusetts,2020-08-23,7.8,26.2,222,0.1,0.1,0.0,23.5,31.0,17.0,0.2005,0.167
Middlesex,Massachusetts,2020-08-23,8.6,23.0,232,8.0,8.0,0.0,23.3,33.5,17.6,0.1829,0.1736
Worcester,Massachusetts,2020-08-23,8.5,23.3,248,2.3,2.3,0.0,23.5,31.8,17.3,0.0959,0.0768
Philadelphia,Pennsylvania,2020-04-21,17.2,48.8,250,5.4,5.4,0.0,9.6,16.1,4.9,0.3111,0.3162
Chittenden,Vermont,2020-05-29,12.9,34.9,203,6.5,6.5,0.0,24.5,29.5,19.5,0.095,0.1358
Middlesex,New Jersey,2020-04-13,26.9,68.5,198,40.3,40.3,0.0,16.2,19.2,13.4,0.4101,0.3968
Essex,New Jersey,2020-04-21,16.2,45.9,243,8.4,8.4,0.0,7.2,13.6,2.9,0.3835,0.3763
Suffolk,New York,2020-04-21,26.1,53.7,206,10.8,10.8,0.0,8.1,11.8,5.6,0.4016,0.4018
Middlesex,Massachusetts,2020-08-22,9.2,22.4,268,6.8,6.8,0.0,22.7,29.4,17.6,0.1836,0.176
Bergen,New Jersey,2020-04-21,15.6,45.2,241,9.2,9.2,0.0,7.8,14.9,3.5,0.3875,0.3854
Suffolk,Massachusetts,2020-04-13,30.6,67.1,191,27.2,27.2,0.0,13.2,15.3,9.2,0.3968,0.3912
Ocean,New Jersey,2020-04-13,30.8,76.1,194,34.4,34.4,0.0,16.1,21.5,13.4,0.4057,0.3721
Hartford,Connecticut,2020-04-13,23.4,61.3,183,44.7,44.7,0.0,13.5,15.1,10.7,0.4077,0.3997
Ocean,New Jersey,2020-04-09,22.7,52.1,239,7.3,7.3,0.0,11.7,20.1,7.6,0.3726,0.3329
Ocean,New Jersey,2020-04-10,24.3,50.1,284,0.0,0.0,0.0,6.9,10.1,3.6,0.3642,0.3481
Worcester,Massachusetts,2020-08-27,9.0,46.3,268,14.2,14.2,0.0,16.3,22.4,12.6,0.146,0.0858
Middlesex,Massachusetts,2020-08-27,6.7,19.7,272,18.2,18.2,0.0,17.0,22.6,13.2,0.2222,0.1698
Hartford,Connecticut,2020-08-02,13.4,33.1,174,5.3,5.3,0.0,25.0,30.1,21.5,0.1769,0.183
Providence,Rhode Island,2020-08-22,8.7,26.8,242,0.7,0.7,0.0,24.0,31.0,19.0,0.2323,0.2135
Allegheny,Pennsylvania,2020-03-29,23.1,55.0,223,14.7,14.7,0.0,17.9,23.6,13.8,0.5002,0.5097
Androscoggin,Maine,2020-04-09,14.3,32.4,120,36.8,9.3,19.25,3.3,7.4,0.9,0.2719,0.2584
Kennebec,Maine,2020-04-09,15.7,36.2,123,36.3,8.3,19.6,3.2,7.4,0.6,0.3758,0.372
Providence,Rhode Island,2020-06-06,9.6,24.4,240,7.6,7.6,0.0,22.1,29.1,17.8,0.3434,0.2255
New Haven,Connecticut,2020-08-22,10.7,24.2,223,2.6,2.6,0.0,24.4,30.1,19.9,0.2111,0.1865
Fairfield,Connecticut,2020-08-25,12.2,33.3,294,0.2,0.2,0.0,25.9,33.0,20.9,0.1373,0.1063
Middlesex,Massachusetts,2020-06-28,6.9,19.7,233,8.2,8.2,0.0,22.0,29.0,17.0,0.2045,0.1578
Suffolk,Massachusetts,2020-06-28,10.1,20.6,223,5.5,5.5,0.0,22.6,29.2,17.9,0.1282,0.1613
Suffolk,New York,2020-08-25,13.5,30.2,268,0.0,0.0,0.0,27.0,31.2,23.3,0.2778,0.2721
Hillsborough,New Hampshire,2020-05-15,12.7,37.8,234,6.9,6.9,0.0,17.0,24.8,10.0,0.1367,0.1287
Worcester,Massachusetts,2020-06-28,8.5,20.8,243,9.3,9.3,0.0,20.3,27.0,16.0,0.1695,0.0646
Hartford,Connecticut,2020-06-29,9.2,21.7,354,4.2,4.2,0.0,20.9,25.2,17.1,0.3449,0.2059
Fairfield,Connecticut,2020-08-03,9.6,24.4,238,0.9,0.9,0.0,27.4,32.7,23.0,0.1235,0.1118
Suffolk,New York,2020-08-03,18.2,35.8,227,0.0,0.0,0.0,27.6,29.9,25.5,0.2564,0.2084
Nassau,New York,2020-08-03,10.9,22.1,229,1.3,1.3,0.0,27.0,30.2,23.6,0.2832,0.2439
Bergen,New Jersey,2020-08-12,7.2,18.1,239,6.6,6.6,0.0,26.6,32.3,22.6,0.1863,0.2243
Chester,Pennsylvania,2020-02-07,20.4,51.5,257,17.5,17.4,0.07,5.2,11.9,0.3,0.5088,0.5128
Suffolk,Massachusetts,2020-02-07,29.3,52.1,281,6.5,6.5,0.0,3.6,12.1,-1.9,0.4102,0.3825
Montgomery,Pennsylvania,2020-02-07,19.9,51.9,256,16.7,16.7,0.0,5.6,12.9,1.2,0.4278,0.4249
Middlesex,New Jersey,2020-02-07,23.9,51.0,263,11.1,11.1,0.0,5.9,13.9,1.6,0.423,0.4214
Philadelphia,Pennsylvania,2020-02-07,22.4,51.7,254,14.8,14.8,0.0,6.5,13.9,1.8,0.426,0.424
Bucks,Pennsylvania,2020-02-07,19.5,51.2,258,15.2,15.0,0.14,5.4,13.4,1.1,0.427,0.4287
Erie,New York,2020-06-10,14.3,33.6,191,0.5,0.5,0.0,27.2,31.5,23.3,0.3239,0.3458
Monmouth,New Jersey,2020-02-07,22.1,59.3,246,10.1,10.1,0.0,6.7,15.4,1.8,0.3132,0.3039
Ocean,New Jersey,2020-02-07,26.3,69.6,242,11.2,11.2,0.0,8.1,16.4,2.7,0.4218,0.4088
Middlesex,Massachusetts,2020-07-02,6.4,17.4,272,3.0,3.0,0.0,22.9,29.6,17.0,0.3369,0.2939
Worcester,Massachusetts,2020-07-02,6.9,21.7,295,1.1,1.1,0.0,22.1,28.9,16.1,0.2352,0.219
Montgomery,Pennsylvania,2020-07-06,7.6,23.3,211,5.9,5.9,0.0,26.0,34.0,21.7,0.24,0.1914
Middlesex,New Jersey,2020-07-22,11.2,24.2,226,1.7,1.7,0.0,28.8,35.7,24.4,0.1642,0.2039
Chester,Pennsylvania,2020-07-22,8.6,22.4,227,3.3,3.3,0.0,27.1,33.8,23.0,0.3135,0.3483
Middlesex,New Jersey,2020-07-24,9.8,21.5,19,12.7,12.7,0.0,24.1,25.6,22.1,0.3186,0.2155
Bergen,New Jersey,2020-07-06,7.8,25.5,94,0.8,0.8,0.0,26.2,34.2,20.0,0.1493,0.1402
Nassau,New York,2020-07-06,9.7,21.9,132,0.5,0.5,0.0,25.5,32.0,21.0,0.2615,0.2375
Westchester,New York,2020-07-06,9.2,25.9,59,0.7,0.7,0.0,26.0,33.6,20.8,0.2274,0.1868
Middlesex,Massachusetts,2020-07-05,5.9,15.9,200,2.6,2.6,0.0,22.5,29.2,17.7,0.273,0.273
Bucks,Pennsylvania,2020-07-06,6.7,22.4,231,7.4,7.4,0.0,26.0,33.2,21.7,0.2126,0.1745
Chester,Pennsylvania,2020-07-23,9.8,25.7,216,5.0,5.0,0.0,25.6,30.8,22.0,0.3554,0.3524
Westchester,New York,2020-07-08,7.2,19.5,174,6.0,6.0,0.0,23.5,26.4,21.1,0.2554,0.186
Bergen,New Jersey,2020-07-22,10.3,26.4,182,7.6,7.6,0.0,27.2,33.3,23.1,0.1373,0.2009
Essex,Massachusetts,2020-07-05,5.6,18.3,177,2.0,2.0,0.0,22.2,28.2,17.2,0.2588,0.2462
Montgomery,Pennsylvania,2020-07-30,8.5,22.1,243,0.1,0.1,0.0,28.4,35.0,22.1,0.1953,0.2192
Nassau,New York,2020-07-22,8.8,20.6,193,6.9,6.9,0.0,26.8,31.0,23.9,0.2048,0.2164
Ocean,New Jersey,2020-07-06,8.3,25.3,248,2.8,2.8,0.0,27.0,34.4,22.0,0.2047,0.1603
Fairfield,Connecticut,2020-07-30,10.4,25.1,264,0.1,0.1,0.0,26.8,33.1,21.0,0.1039,0.1249
Essex,Massachusetts,2020-07-13,7.3,25.5,233,9.9,9.9,0.0,24.4,28.8,21.8,0.2692,0.206
Montgomery,Pennsylvania,2020-07-22,10.0,23.7,217,2.3,2.3,0.0,27.4,34.3,23.1,0.2184,0.2368
Bucks,Pennsylvania,2020-07-22,10.4,26.6,239,1.3,1.3,0.0,27.9,34.8,23.0,0.1775,0.201
Bucks,Pennsylvania,2020-07-30,7.8,21.7,245,0.0,0.0,0.0,28.2,34.4,22.1,0.2002,0.1977
New Haven,Connecticut,2020-07-30,10.1,26.6,233,0.0,0.0,0.0,27.0,33.0,21.9,0.1707,0.1922
Chester,Pennsylvania,2020-07-06,8.7,23.5,201,10.9,10.9,0.0,25.7,32.0,21.6,0.3056,0.2842
Monmouth,New Jersey,2020-07-30,9.0,21.7,239,0.0,0.0,0.0,28.1,34.3,22.9,0.1605,0.1767
Middlesex,New Jersey,2020-07-31,7.3,16.6,60,24.4,24.4,0.0,24.0,26.5,22.2,0.3262,0.2283
Worcester,Massachusetts,2020-07-22,5.8,26.2,75,20.4,20.4,0.0,23.2,27.9,20.3,0.1237,0.1126
Hartford,Connecticut,2020-07-23,8.6,26.2,222,3.0,3.0,0.0,26.1,30.5,22.4,0.2222,0.1961
Monmouth,New Jersey,2020-07-06,8.2,21.3,242,4.4,4.4,0.0,26.6,34.3,22.2,0.1697,0.1567
Ocean,New Jersey,2020-07-22,9.5,22.6,223,0.8,0.8,0.0,28.7,34.2,25.0,0.2163,0.1791
Erie,New York,2020-07-16,16.4,32.4,171,22.8,22.8,0.0,23.9,26.2,22.0,0.342,0.3156
Philadelphia,Pennsylvania,2020-07-22,12.3,25.5,226,2.4,2.4,0.0,28.7,34.3,24.8,0.1283,0.1693
Montgomery,Pennsylvania,2020-07-07,6.9,17.4,128,1.1,1.1,0.0,24.7,30.2,20.9,0.3461,0.2551
Middlesex,New Jersey,2020-07-06,8.1,22.1,240,0.2,0.2,0.0,27.0,34.3,22.1,0.2087,0.2035
Middlesex,New Jersey,2020-07-23,11.2,24.4,234,4.1,4.1,0.0,26.4,32.1,23.5,0.2034,0.2021
Monmouth,New Jersey,2020-07-23,8.5,24.6,239,15.2,15.2,0.0,25.9,31.4,23.2,0.2262,0.1557
Middlesex,New Jersey,2020-07-30,9.3,21.0,238,0.0,0.0,0.0,28.9,35.0,23.2,0.194,0.2171
Chittenden,Vermont,2020-07-08,9.4,24.4,188,7.8,7.8,0.0,23.8,30.5,20.0,0.1294,0.1454
Monmouth,New Jersey,2020-07-31,7.0,15.2,54,25.6,25.6,0.0,23.3,25.7,21.5,0.2606,0.2138
Monmouth,New Jersey,2020-07-22,7.4,20.1,224,1.4,1.4,0.0,28.3,35.2,23.5,0.1412,0.146
Philadelphia,Pennsylvania,2020-07-06,8.3,24.4,221,1.4,1.4,0.0,26.8,32.4,23.0,0.1562,0.1127
Montgomery,Pennsylvania,2020-11-15,19.3,56.1,161,8.6,8.6,0.0,9.5,16.5,2.2,0.3823,0.3844
Ocean,New Jersey,2020-11-15,23.1,55.0,175,9.7,9.7,0.0,10.7,18.3,2.3,0.376,0.3865
Worcester,Massachusetts,2020-07-23,9.5,23.5,244,11.0,11.0,0.0,23.5,28.8,21.4,0.2553,0.136
Middlesex,Massachusetts,2020-07-23,9.4,24.4,236,7.7,7.7,0.0,24.7,32.1,20.9,0.2375,0.1895
Chester,Pennsylvania,2020-11-15,19.4,55.3,166,7.0,7.0,0.0,9.6,16.8,3.0,0.4671,0.471
New Haven,Connecticut,2020-07-23,8.9,27.5,229,3.8,3.8,0.0,25.8,30.0,22.2,0.2538,0.2186
Westchester,New York,2020-07-30,9.6,27.3,259,0.0,0.0,0.0,27.2,32.7,21.8,0.1765,0.1904
Suffolk,New York,2020-07-31,7.5,16.6,96,6.5,6.5,0.0,24.0,25.9,22.3,0.2495,0.204
Bucks,Pennsylvania,2020-11-15,19.8,55.0,161,9.9,9.9,0.0,9.0,15.8,2.2,0.381,0.3829
Suffolk,Massachusetts,2020-07-23,10.4,22.6,234,3.5,3.5,0.0,25.6,32.6,23.1,0.1508,0.1703
Chittenden,Vermont,2020-08-11,11.9,30.4,185,1.1,1.1,0.0,25.9,31.8,21.5,0.1865,0.1755
Bergen,New Jersey,2020-08-25,12.7,32.7,282,1.4,1.4,0.0,26.6,34.0,22.1,0.1302,0.1938
Allegheny,Pennsylvania,2020-07-10,10.7,24.6,163,4.2,4.2,0.0,26.2,33.3,22.4,0.3003,0.3087
Middlesex,New Jersey,2020-11-15,23.7,57.9,171,5.9,5.9,0.0,10.4,17.9,3.0,0.3795,0.3801
Monmouth,New Jersey,2020-11-15,20.6,57.5,171,7.8,7.8,0.0,10.6,18.2,3.3,0.27,0.2819
Allegheny,Pennsylvania,2020-07-16,12.9,32.9,182,2.1,2.1,0.0,26.8,31.0,22.0,0.3155,0.3023
Fairfield,Connecticut,2020-08-04,27.1,70.5,164,19.1,19.1,0.0,23.0,24.4,21.4,0.1947,0.1193
Penobscot,Maine,2020-07-27,7.8,21.0,249,10.0,10.0,0.0,24.5,29.3,21.5,0.2697,0.2109
Middlesex,New Jersey,2020-07-03,11.0,23.0,15,1.0,1.0,0.0,26.8,34.8,22.1,0.2565,0.2093
Philadelphia,Pennsylvania,2020-11-15,22.7,55.3,167,6.6,6.6,0.0,10.3,17.4,3.7,0.371,0.3703
Essex,New Jersey,2020-07-03,12.8,30.0,345,10.3,10.3,0.0,26.1,33.0,21.4,0.1845,0.1386
Middlesex,Massachusetts,2020-07-30,10.2,26.4,251,0.6,0.6,0.0,26.2,31.7,21.1,0.1874,0.1883
Essex,Massachusetts,2020-07-30,8.5,25.5,240,3.9,3.9,0.0,25.2,31.0,21.5,0.2149,0.2094
Essex,Massachusetts,2020-07-23,7.2,21.3,241,19.1,19.1,0.0,24.6,32.5,21.0,0.297,0.2009
Allegheny,Pennsylvania,2020-07-09,10.5,23.7,154,0.3,0.3,0.0,27.8,34.3,22.7,0.286,0.3049
Penobscot,Maine,2020-08-25,12.2,29.5,237,4.8,4.8,0.0,21.0,26.0,18.0,0.1845,0.1427
Kennebec,Maine,2020-08-24,4.5,15.9,159,6.0,6.0,0.0,21.8,28.4,17.1,0.219,0.1801
Allegheny,Pennsylvania,2020-08-27,13.1,31.1,248,5.3,5.3,0.0,25.7,30.4,22.8,0.3707,0.2583
Kennebec,Maine,2020-08-25,11.9,30.0,260,1.7,1.7,0.0,22.4,28.0,18.1,0.2178,0.178
Androscoggin,Maine,2020-08-25,11.9,27.1,273,0.8,0.8,0.0,22.6,28.5,17.2,0.1107,0.0886
Erie,New York,2020-08-27,21.3,42.7,236,15.9,15.9,0.0,22.2,24.9,20.3,0.3947,0.3423
York,Maine,2020-08-25,11.9,32.4,274,0.0,0.0,0.0,23.2,29.5,18.5,0.2619,0.2016
Erie,New York,2020-08-04,14.0,27.3,260,11.9,11.9,0.0,21.4,24.0,19.2,0.3873,0.3814
Erie,New York,2020-08-15,9.2,17.0,95,1.1,1.1,0.0,22.9,29.0,18.0,0.2704,0.2996
Erie,New York,2020-08-25,13.7,29.5,272,3.2,3.2,0.0,22.9,26.1,20.0,0.3423,0.2979
Allegheny,Pennsylvania,2020-08-22,7.2,19.0,210,0.1,0.1,0.0,25.4,31.9,19.1,0.2644,0.2588
York,Maine,2020-08-22,5.4,19.9,300,18.4,18.4,0.0,20.0,24.9,16.2,0.241,0.1887
Rockingham,New Hampshire,2020-08-23,8.3,25.5,239,3.8,3.8,0.0,22.4,31.6,16.8,0.2313,0.1781
Hillsborough,New Hampshire,2020-08-23,7.6,22.4,249,4.3,4.3,0.0,22.4,31.0,15.4,0.1295,0.0919
Cumberland,Maine,2020-08-24,7.5,21.5,109,0.0,0.0,0.0,21.9,26.4,18.2,0.1846,0.1888
Hillsborough,New Hampshire,2020-08-24,8.2,21.3,260,0.1,0.1,0.0,24.7,31.5,19.8,0.1279,0.0902
Rockingham,New Hampshire,2020-08-25,14.2,35.3,279,0.4,0.4,0.0,24.7,31.4,19.4,0.2071,0.1778
Suffolk,Massachusetts,2020-09-30,24.4,56.1,210,4.4,4.4,0.0,20.8,23.0,15.5,0.152,0.183
Chester,Pennsylvania,2020-08-07,5.6,15.4,98,20.8,20.8,0.0,22.0,25.9,19.6,0.4984,0.4839
Ocean,New Jersey,2020-08-12,7.9,18.3,214,5.3,5.3,0.0,27.4,33.0,23.8,0.2374,0.2141
Montgomery,Pennsylvania,2020-08-12,7.1,17.2,235,6.6,6.6,0.0,26.1,31.9,23.0,0.3058,0.3125
Chester,Pennsylvania,2020-08-12,6.0,17.4,232,6.7,6.7,0.0,25.3,30.8,22.4,0.4184,0.4266
Ocean,New Jersey,2020-08-04,31.9,72.3,184,16.8,16.8,0.0,25.2,28.2,23.1,0.3326,0.2463
Bucks,Pennsylvania,2020-08-02,11.4,34.7,188,4.8,4.8,0.0,26.2,30.4,22.4,0.3013,0.2162
Monmouth,New Jersey,2020-08-19,5.3,24.4,307,18.2,18.2,0.0,20.8,23.9,18.8,0.2793,0.2549
Bucks,Pennsylvania,2020-08-07,7.3,18.1,72,8.2,8.2,0.0,21.9,26.1,19.5,0.3534,0.3396
Hillsborough,New Hampshire,2020-10-07,17.7,40.7,245,2.5,2.5,0.0,13.8,20.5,10.2,0.1891,0.1705
Chester,Pennsylvania,2020-11-30,15.3,35.8,154,33.5,33.5,0.0,11.5,16.0,5.7,0.491,0.4942
Rockingham,New Hampshire,2020-10-07,17.3,38.9,239,2.2,2.2,0.0,15.0,21.8,11.0,0.233,0.2034
Erie,New York,2020-11-15,32.8,68.9,197,12.9,12.9,0.0,8.3,11.8,3.8,0.397,0.3798
New Haven,Connecticut,2020-08-27,11.1,33.3,252,8.3,8.3,0.0,22.1,32.8,16.5,0.1777,0.1766
Fairfield,Connecticut,2020-08-27,14.1,35.3,265,6.6,6.6,0.0,22.7,33.3,16.8,0.1363,0.1045
Montgomery,Pennsylvania,2020-11-30,17.6,46.5,147,42.0,42.0,0.0,11.9,16.4,5.5,0.41,0.4126
Hartford,Connecticut,2020-11-15,21.7,59.7,168,8.4,8.4,0.0,6.0,15.1,-2.1,0.3631,0.3537
Middlesex,Massachusetts,2020-11-15,19.1,50.8,163,2.8,2.8,0.0,4.0,12.3,-2.0,0.3299,0.31
Suffolk,Massachusetts,2020-11-30,22.1,55.7,150,25.8,25.8,0.0,9.0,16.3,2.2,0.374,0.3666
Hartford,Connecticut,2020-12-16,10.8,21.0,34,4.1,0.0,2.87,-4.1,-1.0,-7.0,0.3738,0.3847
Hartford,Connecticut,2020-12-25,23.0,63.8,170,47.6,47.6,0.0,11.8,15.7,3.3,0.4318,0.4358
Suffolk,New York,2020-08-27,15.3,31.5,241,2.1,2.1,0.0,23.4,30.4,19.8,0.2522,0.2605
Bucks,Pennsylvania,2020-11-30,18.6,48.1,149,43.6,43.6,0.0,11.7,16.2,5.0,0.4104,0.4109
Westchester,New York,2020-08-27,14.5,37.8,248,8.1,8.1,0.0,24.0,33.0,18.3,0.1952,0.1852
Suffolk,Massachusetts,2020-12-16,15.8,28.4,31,0.9,0.0,0.63,-4.9,-1.7,-8.5,0.3595,0.3725
Nassau,New York,2020-08-27,15.5,34.2,244,4.7,4.7,0.0,24.5,33.6,18.2,0.2404,0.2628
Cumberland,Maine,2020-06-06,10.9,26.2,237,6.8,6.8,0.0,22.1,27.2,18.4,0.2658,0.2415
York,Maine,2020-06-06,8.6,22.6,255,16.7,16.7,0.0,22.8,27.7,18.6,0.2404,0.2132
Worcester,Massachusetts,2020-10-07,16.5,43.6,244,2.7,2.7,0.0,13.9,20.8,10.8,0.1951,0.1908
Middlesex,Massachusetts,2020-10-07,16.3,40.0,240,1.2,1.2,0.0,15.8,23.3,12.4,0.2304,0.2002
Chittenden,Vermont,2020-10-07,13.7,37.6,216,10.3,10.3,0.0,12.1,15.1,9.4,0.2532,0.2338
Westchester,New York,2020-06-28,6.8,21.5,215,8.6,8.6,0.0,23.0,28.2,19.4,0.2841,0.1635
Hartford,Connecticut,2020-10-07,14.2,32.4,231,1.3,1.3,0.0,16.0,22.9,12.0,0.2669,0.2739
York,Maine,2020-06-28,9.1,21.0,159,20.0,20.0,0.0,21.1,28.0,17.0,0.2084,0.1865
Suffolk,Massachusetts,2020-10-07,20.2,37.8,239,1.6,1.6,0.0,16.6,24.4,12.8,0.1551,0.1809
Providence,Rhode Island,2020-10-07,18.0,36.5,241,1.2,1.2,0.0,16.7,23.0,12.4,0.2651,0.2121
Ocean,New Jersey,2020-06-03,16.1,35.3,248,6.5,6.5,0.0,23.3,31.0,17.1,0.1929,0.1926
Chester,Pennsylvania,2020-06-03,14.8,37.8,267,1.7,1.7,0.0,24.1,31.7,17.1,0.2937,0.3129
Worcester,Massachusetts,2020-11-15,20.4,63.1,157,6.7,6.7,0.0,3.4,12.2,-2.5,0.2424,0.234
Worcester,Massachusetts,2020-06-06,12.2,31.3,261,0.8,0.8,0.0,22.9,29.8,18.5,0.0818,0.068
Middlesex,Massachusetts,2020-06-06,11.4,28.6,239,1.3,1.3,0.0,23.6,31.0,19.5,0.173,0.1745
Monmouth,New Jersey,2020-06-03,15.6,37.4,250,3.1,3.1,0.0,22.4,31.1,14.8,0.1362,0.109
Montgomery,Pennsylvania,2020-06-03,12.8,35.3,262,3.4,3.4,0.0,23.4,29.9,17.0,0.1909,0.2323
Philadelphia,Pennsylvania,2020-06-03,13.0,37.6,259,3.7,3.7,0.0,24.2,31.8,17.1,0.1468,0.2102
Bucks,Pennsylvania,2020-06-03,15.0,36.2,259,2.6,2.6,0.0,22.6,29.5,15.9,0.2006,0.2406
Erie,New York,2020-06-23,18.6,36.7,208,3.3,3.3,0.0,22.6,28.1,17.5,0.2547,0.2736
Middlesex,New Jersey,2020-06-27,11.2,34.2,237,9.7,9.7,0.0,23.9,29.6,19.6,0.2194,0.2078
Erie,New York,2020-06-02,15.5,32.9,223,5.5,5.5,0.0,16.5,19.7,12.5,0.3744,0.384
Monmouth,New Jersey,2020-06-27,11.0,39.1,237,7.0,7.0,0.0,24.0,30.5,19.6,0.1223,0.1383
Ocean,New Jersey,2020-06-27,16.7,40.5,241,4.7,4.7,0.0,25.0,31.1,20.3,0.203,0.2258
Allegheny,Pennsylvania,2020-11-15,24.5,56.4,209,3.7,3.7,0.0,10.6,16.5,5.6,0.4378,0.4231
Chester,Pennsylvania,2020-06-28,9.2,25.1,268,1.0,1.0,0.0,25.3,30.5,20.6,0.303,0.277
Providence,Rhode Island,2020-11-15,20.6,56.1,164,5.4,5.4,0.0,5.5,14.4,-2.0,0.3507,0.3421
Middlesex,Massachusetts,2020-06-21,6.6,17.4,194,0.1,0.1,0.0,26.6,33.3,20.0,0.1574,0.1512
Westchester,New York,2020-06-03,10.0,27.7,247,3.7,3.7,0.0,19.7,25.4,13.9,0.2276,0.2017
Suffolk,New York,2020-06-03,13.7,32.2,232,4.3,4.3,0.0,19.3,25.1,14.6,0.2862,0.2805
Nassau,New York,2020-06-06,10.6,21.7,266,4.5,4.5,0.0,23.8,29.5,18.6,0.3729,0.2953
Essex,Massachusetts,2020-06-06,10.8,24.8,236,7.4,7.4,0.0,23.4,31.6,19.8,0.2442,0.2224
Allegheny,Pennsylvania,2020-06-10,15.4,34.4,193,2.7,2.7,0.0,27.3,32.3,23.5,0.3177,0.3399
Allegheny,Pennsylvania,2020-06-04,8.7,23.9,212,0.8,0.8,0.0,22.7,29.8,18.2,0.3902,0.3498
Essex,New Jersey,2020-11-15,21.2,63.5,161,7.5,7.5,0.0,7.8,16.3,0.5,0.372,0.3667
Bergen,New Jersey,2020-11-15,21.1,59.1,162,6.4,6.4,0.0,8.8,17.0,2.5,0.3631,0.3598
Allegheny,Pennsylvania,2020-06-21,7.2,17.4,214,0.0,0.0,0.0,24.8,31.1,18.0,0.3446,0.2955
Suffolk,New York,2020-11-15,31.5,69.1,167,3.2,3.2,0.0,10.7,17.2,4.3,0.3922,0.4
Nassau,New York,2020-11-15,27.0,60.6,164,8.0,8.0,0.0,9.5,17.2,2.4,0.3812,0.3925
Fairfield,Connecticut,2020-11-15,21.2,60.0,155,8.1,8.1,0.0,7.1,15.6,-0.5,0.271,0.2742
New Haven,Connecticut,2020-11-15,23.4,63.3,167,7.7,7.7,0.0,7.1,15.9,-1.1,0.384,0.3795
Cumberland,Maine,2020-07-11,15.9,34.9,161,17.6,17.6,0.0,22.2,24.9,19.3,0.3635,0.2891
York,Maine,2020-07-13,7.1,18.1,252,3.2,3.2,0.0,23.4,27.8,20.3,0.2899,0.259
Androscoggin,Maine,2020-12-17,13.8,31.3,20,10.3,0.0,7.21,-10.1,-7.9,-12.2,0.2556,0.2657
Allegheny,Pennsylvania,2020-12-16,9.8,20.4,94,16.0,0.0,11.2,-1.6,-1.0,-2.7,0.4327,0.4213
Middlesex,New Jersey,2020-12-16,20.6,51.7,48,17.6,0.1,12.25,-1.9,0.9,-4.1,0.379,0.3847
Middlesex,New Jersey,2020-12-24,20.4,40.7,163,0.8,0.8,0.0,11.4,17.0,2.5,0.4048,0.3977
Androscoggin,Maine,2020-12-05,22.7,51.9,10,47.0,7.1,27.93,1.7,2.0,1.5,0.283,0.2765
Kennebec,Maine,2020-12-05,23.1,54.1,14,45.5,10.8,24.29,2.0,3.0,1.1,0.4032,0.3965
Philadelphia,Pennsylvania,2020-12-16,21.5,43.4,46,16.8,2.1,10.29,-1.9,0.2,-3.8,0.3809,0.386
York,Maine,2020-07-14,9.9,23.9,14,16.3,16.3,0.0,19.9,24.5,17.5,0.3936,0.3075
Cumberland,Maine,2020-07-02,7.4,19.2,194,0.4,0.4,0.0,21.9,27.3,17.1,0.3455,0.3448
Hillsborough,New Hampshire,2020-07-02,8.2,18.6,298,0.4,0.4,0.0,22.8,29.4,16.2,0.2298,0.1977
Kennebec,Maine,2020-07-08,9.7,22.8,193,2.8,2.8,0.0,20.4,24.5,16.4,0.2901,0.2906
Hillsborough,New Hampshire,2020-07-05,6.9,16.1,286,0.2,0.2,0.0,22.4,29.4,17.5,0.1615,0.1739
Kennebec,Maine,2020-07-02,6.5,19.2,218,3.1,3.1,0.0,22.3,29.1,16.6,0.3602,0.3477
Cumberland,Maine,2020-07-08,9.9,24.2,193,0.3,0.3,0.0,21.5,26.0,17.2,0.277,0.2925
Cumberland,Maine,2020-07-30,9.2,24.4,231,0.1,0.1,0.0,24.9,28.9,21.9,0.1987,0.2275
York,Maine,2020-07-08,8.7,23.9,216,4.0,4.0,0.0,22.2,29.5,17.1,0.2587,0.2665
Androscoggin,Maine,2020-07-08,8.5,21.5,203,2.6,2.6,0.0,21.1,26.9,16.2,0.1804,0.1923
Androscoggin,Maine,2020-07-30,8.3,21.5,259,0.0,0.0,0.0,24.6,29.0,21.0,0.1028,0.126
Hillsborough,New Hampshire,2020-07-08,10.9,26.4,219,1.4,1.4,0.0,23.6,30.5,18.8,0.122,0.1461
Hillsborough,New Hampshire,2020-07-13,6.3,18.1,269,8.4,8.4,0.0,22.8,27.5,19.6,0.1759,0.1177
Rockingham,New Hampshire,2020-07-13,5.9,18.1,251,9.2,9.2,0.0,23.4,28.4,20.7,0.2468,0.1973
Worcester,Massachusetts,2021-08-23,12.0,27.3,114,23.0,23.0,0.0,21.4,24.7,20.0,0.3005,0.2607
Worcester,Massachusetts,2021-08-12,9.5,31.1,250,0.0,0.0,0.0,26.4,33.4,21.7,0.1253,0.1431
Hartford,Connecticut,2021-08-12,10.8,26.8,213,0.5,0.5,0.0,28.1,35.4,22.5,0.2416,0.2254
Middlesex,Massachusetts,2021-08-23,10.8,26.4,108,20.6,20.6,0.0,22.7,25.5,20.8,0.3497,0.2227
Hartford,Connecticut,2021-11-13,16.2,34.0,217,5.1,5.1,0.0,8.1,15.8,4.2,0.401,0.3947
Providence,Rhode Island,2021-11-13,17.1,34.9,246,4.8,4.8,0.0,8.7,14.8,4.7,0.4053,0.4088
Worcester,Massachusetts,2021-11-13,16.3,38.0,213,9.6,9.6,0.0,7.0,13.4,1.9,0.2929,0.2936
Montgomery,Pennsylvania,2021-06-04,7.2,23.7,220,9.7,9.7,0.0,21.1,26.2,18.0,0.4011,0.3461
Philadelphia,Pennsylvania,2021-06-04,7.9,25.5,227,14.0,14.0,0.0,21.4,26.1,19.1,0.3645,0.3032
Bucks,Pennsylvania,2021-06-04,8.1,24.6,230,8.8,8.8,0.0,20.7,25.6,17.4,0.4007,0.3545
Bucks,Pennsylvania,2021-04-21,17.0,40.9,254,1.4,1.4,0.0,11.7,18.8,3.8,0.3128,0.3326
Montgomery,Pennsylvania,2021-04-21,17.3,42.1,254,1.6,1.6,0.0,11.9,19.2,3.8,0.2875,0.3134
Bucks,Pennsylvania,2021-09-01,17.9,51.7,51,79.1,79.1,0.0,20.3,21.9,16.5,0.3993,0.3558
Chittenden,Vermont,2021-09-08,13.8,32.9,178,26.5,26.5,0.0,20.2,26.5,15.8,0.2379,0.2075
Bergen,New Jersey,2021-05-26,10.3,29.5,218,1.3,1.3,0.0,24.4,33.2,17.2,0.0968,0.18
Fairfield,Connecticut,2021-05-26,9.5,31.3,217,0.4,0.4,0.0,22.2,29.8,15.4,0.056,0.1056
Suffolk,New York,2021-05-26,16.7,32.9,222,0.8,0.8,0.0,18.6,21.4,15.6,0.1886,0.2265
Monmouth,New Jersey,2021-09-13,10.7,27.3,276,0.0,0.0,0.0,25.7,30.7,22.4,0.177,0.1997
Middlesex,New Jersey,2021-09-13,12.2,25.9,273,0.9,0.9,0.0,25.6,30.2,22.0,0.2604,0.2818
Penobscot,Maine,2021-06-30,9.8,33.6,232,1.8,1.8,0.0,25.8,31.2,21.2,0.1633,0.1468
Penobscot,Maine,2021-06-06,8.8,22.4,248,2.7,2.7,0.0,22.3,27.6,18.0,0.2133,0.2235
Penobscot,Maine,2021-06-19,11.2,29.8,197,6.2,6.2,0.0,19.9,25.5,15.6,0.1477,0.1293
Bucks,Pennsylvania,2021-07-08,7.5,23.3,190,10.2,10.2,0.0,24.6,29.0,21.1,0.2837,0.2689
Monmouth,New Jersey,2021-07-08,8.0,26.6,194,7.0,7.0,0.0,25.8,31.0,21.4,0.2335,0.2305
Bucks,Pennsylvania,2021-07-06,11.7,29.3,238,1.2,1.2,0.0,26.9,34.5,21.6,0.2741,0.2884
Montgomery,Pennsylvania,2021-07-08,8.6,21.9,176,17.3,17.3,0.0,24.9,29.0,22.2,0.3113,0.265
Bergen,New Jersey,2021-09-01,21.0,45.6,32,113.7,113.7,0.0,20.2,21.9,16.5,0.3807,0.3514
Monmouth,New Jersey,2021-06-30,10.4,23.0,249,0.6,0.6,0.0,30.7,37.0,24.9,0.122,0.1577
Middlesex,New Jersey,2021-06-30,10.7,24.6,245,0.0,0.0,0.0,30.8,36.4,25.0,0.1903,0.2365
Bucks,Pennsylvania,2021-06-30,10.9,27.1,247,0.0,0.0,0.0,29.5,35.4,23.8,0.2109,0.2334
Chester,Pennsylvania,2021-06-30,10.6,25.7,244,1.2,1.2,0.0,28.8,35.3,23.2,0.3,0.3294
Montgomery,Pennsylvania,2021-06-30,10.1,26.2,247,0.4,0.4,0.0,29.6,35.8,23.6,0.2146,0.2285
Philadelphia,Pennsylvania,2021-06-30,12.1,25.1,234,1.5,1.5,0.0,29.9,36.2,24.4,0.1447,0.1959
Fairfield,Connecticut,2021-04-21,13.5,38.3,231,1.6,1.6,0.0,10.5,17.8,2.2,0.2283,0.2432
Ocean,New Jersey,2021-06-09,9.9,21.3,273,1.6,1.6,0.0,26.4,32.6,22.0,0.3152,0.2678
Bergen,New Jersey,2021-04-21,16.3,34.0,278,10.2,10.2,0.0,10.5,19.1,2.8,0.3278,0.3286
Worcester,Massachusetts,2021-04-21,17.5,45.9,230,9.9,9.9,0.0,8.9,18.1,-0.8,0.2166,0.2115
Monmouth,New Jersey,2021-06-09,5.9,20.1,282,2.6,2.6,0.0,26.1,32.7,22.1,0.2365,0.2005
Hartford,Connecticut,2021-04-21,18.1,40.9,231,4.2,4.2,0.0,10.0,19.0,2.5,0.3589,0.3538
Middlesex,New Jersey,2021-06-04,9.7,26.6,235,6.6,6.6,0.0,21.4,25.6,18.4,0.3906,0.3593
Ocean,New Jersey,2021-06-04,12.6,24.4,235,14.3,14.3,0.0,21.8,26.1,19.8,0.3555,0.2989
Chester,Pennsylvania,2021-05-26,10.5,30.0,221,1.7,1.7,0.0,23.7,32.0,17.4,0.2817,0.3102
Bucks,Pennsylvania,2021-05-26,13.5,32.7,234,9.2,9.2,0.0,24.2,33.2,17.1,0.1514,0.1745
Montgomery,Pennsylvania,2021-05-26,11.8,32.4,228,15.1,15.1,0.0,24.4,33.5,17.2,0.1606,0.1826
Monmouth,New Jersey,2021-05-26,11.2,28.6,238,4.9,4.9,0.0,25.1,34.9,17.5,0.0638,0.1028
Philadelphia,Pennsylvania,2021-05-26,13.3,30.6,215,16.9,16.9,0.0,24.6,32.3,17.6,0.1243,0.1688
Ocean,New Jersey,2021-05-26,12.1,27.5,220,6.8,6.8,0.0,24.3,33.0,17.4,0.1613,0.1668
Allegheny,Pennsylvania,2021-02-08,6.6,11.2,61,0.2,0.0,0.14,-7.9,-1.8,-15.4,0.4456,0.4445
Middlesex,New Jersey,2021-05-26,14.7,30.2,232,5.2,5.2,0.0,24.5,33.4,17.6,0.1462,0.215
Hillsborough,New Hampshire,2021-09-15,12.3,32.4,211,2.6,2.6,0.0,21.3,27.1,16.2,0.2301,0.2416
Androscoggin,Maine,2021-09-15,11.8,32.7,187,6.3,6.3,0.0,19.4,25.2,15.8,0.2392,0.2368
Hillsborough,New Hampshire,2021-06-30,12.3,33.3,258,1.2,1.2,0.0,27.6,33.7,22.6,0.0859,0.0848
Rockingham,New Hampshire,2021-06-30,11.3,32.0,250,1.9,1.9,0.0,28.4,35.0,23.9,0.1848,0.1785
Kennebec,Maine,2021-09-15,13.0,30.0,187,4.5,4.5,0.0,18.8,23.4,15.3,0.3576,0.3451
Bergen,New Jersey,2021-06-08,9.5,22.8,217,5.1,5.1,0.0,25.4,31.1,22.2,0.248,0.2821
Nassau,New York,2021-06-08,7.8,18.8,206,3.0,3.0,0.0,23.3,29.2,19.0,0.2963,0.3235
New Haven,Connecticut,2021-06-09,6.1,17.2,305,1.1,1.1,0.0,26.0,31.5,21.0,0.2555,0.2673
Hillsborough,New Hampshire,2021-06-15,6.8,20.1,225,2.0,2.0,0.0,18.9,24.9,15.2,0.2078,0.1045
Rockingham,New Hampshire,2021-06-15,7.1,22.1,180,8.6,8.6,0.0,19.1,24.4,15.8,0.2674,0.2028
Westchester,New York,2021-06-21,11.0,28.0,180,1.2,1.2,0.0,24.5,29.4,21.0,0.2139,0.2127
Bucks,Pennsylvania,2021-06-09,5.9,17.0,290,2.9,2.9,0.0,25.2,31.7,21.1,0.3406,0.296
Kennebec,Maine,2021-06-19,10.2,28.4,209,2.7,2.7,0.0,21.7,28.1,17.5,0.1856,0.1865
Essex,Massachusetts,2021-09-13,9.1,22.6,301,10.7,10.7,0.0,21.3,24.9,17.5,0.3794,0.3507
Middlesex,Massachusetts,2021-09-13,8.5,20.6,292,6.3,6.3,0.0,20.8,24.4,16.2,0.356,0.3293
Hartford,Connecticut,2021-06-29,10.8,24.6,213,2.5,2.5,0.0,28.7,35.8,23.9,0.1881,0.184
Erie,New York,2021-06-21,22.3,45.4,219,8.4,8.4,0.0,21.7,27.2,17.3,0.3635,0.3222
New Haven,Connecticut,2021-06-30,12.4,28.9,225,1.4,1.4,0.0,28.4,35.2,24.0,0.2021,0.1663
Nassau,New York,2021-06-30,10.4,23.7,224,0.4,0.4,0.0,27.7,33.1,24.5,0.2103,0.2533
Erie,New York,2021-06-29,10.8,25.3,232,0.8,0.8,0.0,25.6,28.8,22.1,0.3021,0.3115
Kennebec,Maine,2021-06-30,9.5,36.5,242,2.9,2.9,0.0,26.8,32.3,21.2,0.1814,0.1826
York,Maine,2021-06-30,11.7,32.9,255,1.3,1.3,0.0,28.2,34.7,23.6,0.1777,0.186
Monmouth,New Jersey,2021-03-28,19.9,51.5,199,13.4,13.4,0.0,13.5,21.1,8.9,0.286,0.276
Middlesex,New Jersey,2021-03-28,19.8,40.3,204,12.9,12.9,0.0,13.7,20.5,9.4,0.3961,0.3924
Ocean,New Jersey,2021-03-28,19.7,48.1,202,17.8,17.8,0.0,14.0,20.6,9.4,0.3995,0.3915
Erie,New York,2021-09-12,17.8,36.0,236,5.3,5.3,0.0,21.2,22.9,20.0,0.3579,0.3481
Chester,Pennsylvania,2021-03-28,16.7,39.6,206,20.1,20.1,0.0,12.5,18.8,9.2,0.4826,0.4782
Montgomery,Pennsylvania,2021-03-28,17.6,42.1,198,18.8,18.8,0.0,13.1,19.5,10.0,0.396,0.3844
Bucks,Pennsylvania,2021-03-28,19.3,40.9,203,17.9,17.9,0.0,12.9,19.4,9.6,0.3971,0.3926
Suffolk,Massachusetts,2021-03-01,21.5,38.0,266,6.5,6.5,0.0,5.0,9.1,-0.1,0.4017,0.3882
Philadelphia,Pennsylvania,2021-03-28,20.0,40.7,209,18.7,18.7,0.0,13.9,20.1,10.1,0.3934,0.3843
Suffolk,Massachusetts,2021-03-29,25.7,47.0,281,3.4,3.4,0.0,7.2,10.0,2.9,0.3716,0.335
York,Maine,2021-09-15,12.8,32.0,201,6.7,6.7,0.0,21.3,27.7,16.7,0.3218,0.3215
Hartford,Connecticut,2021-03-02,19.3,40.0,301,0.0,0.0,0.0,-6.2,-2.5,-10.9,0.3982,0.4121
Suffolk,Massachusetts,2021-03-13,21.4,38.0,295,0.0,0.0,0.0,2.8,7.2,-2.8,0.2509,0.313
Middlesex,Massachusetts,2021-05-26,13.5,33.6,231,3.6,3.6,0.0,24.1,32.7,16.8,0.1656,0.2071
Kennebec,Maine,2021-01-02,11.9,26.8,22,17.4,0.4,11.9,-0.6,0.9,-2.5,0.3677,0.3711
Hartford,Connecticut,2021-02-01,19.0,52.3,18,23.3,0.0,16.38,-3.1,0.6,-5.8,0.352,0.3575
Philadelphia,Pennsylvania,2021-02-07,11.7,22.8,352,10.0,0.8,6.44,-0.6,1.9,-4.0,0.3929,0.3878
Philadelphia,Pennsylvania,2021-02-18,10.8,22.8,38,18.4,3.3,10.57,-3.2,-1.9,-4.1,0.4007,0.4025
Suffolk,Massachusetts,2021-02-07,11.0,19.2,13,9.7,1.6,5.67,-0.8,4.0,-5.0,0.3882,0.3913
Hartford,Connecticut,2021-02-07,11.2,22.6,345,5.7,0.0,3.99,-4.4,-0.9,-9.9,0.3703,0.3637
Philadelphia,Pennsylvania,2021-02-01,23.0,45.2,35,27.8,1.7,18.27,-1.3,0.8,-4.8,0.3543,0.36
Middlesex,New Jersey,2021-02-07,10.7,20.8,7,9.9,0.1,6.86,-1.1,0.4,-4.1,0.3854,0.3849
Androscoggin,Maine,2021-02-01,13.4,28.6,33,0.3,0.0,0.21,-8.7,-2.9,-15.9,0.239,0.2348
Kennebec,Maine,2021-02-01,11.9,26.4,30,0.1,0.0,0.07,-8.1,-2.2,-15.0,0.359,0.3605
Middlesex,New Jersey,2021-02-18,10.9,21.9,36,15.5,0.8,10.29,-4.1,-2.2,-7.3,0.4006,0.4045
Middlesex,New Jersey,2021-02-01,25.9,55.7,38,38.8,0.3,27.02,-1.3,1.0,-4.2,0.365,0.3698
Allegheny,Pennsylvania,2021-05-26,14.8,34.7,237,1.6,1.6,0.0,22.9,28.4,18.4,0.3814,0.3233
Ocean,New Jersey,2021-04-21,17.1,36.0,243,5.2,5.2,0.0,13.5,21.5,6.2,0.2914,0.3013
Essex,Massachusetts,2021-06-08,8.4,27.1,251,3.9,3.9,0.0,27.4,34.8,23.1,0.2465,0.2757
Worcester,Massachusetts,2021-07-27,8.1,20.4,274,1.5,1.5,0.0,22.4,28.2,18.2,0.1813,0.1942
Middlesex,Massachusetts,2021-07-27,8.6,19.0,275,7.2,7.2,0.0,23.7,30.1,18.5,0.265,0.2763
Suffolk,Massachusetts,2021-07-27,13.7,24.2,278,6.3,6.3,0.0,24.5,30.8,19.0,0.199,0.2747
Hartford,Connecticut,2021-06-08,10.6,23.7,199,4.5,4.5,0.0,26.2,33.7,21.2,0.235,0.2686
Worcester,Massachusetts,2021-06-29,10.3,30.9,264,0.0,0.0,0.0,28.2,34.7,22.7,0.1173,0.102
Suffolk,Massachusetts,2021-06-29,11.0,23.9,246,0.9,0.9,0.0,30.1,37.4,24.7,0.132,0.1969
Philadelphia,Pennsylvania,2021-04-29,14.0,34.0,230,4.6,4.6,0.0,20.8,25.8,17.0,0.2164,0.2493
Hartford,Connecticut,2021-06-30,11.8,26.6,217,9.0,9.0,0.0,28.6,37.2,23.6,0.1804,0.179
Worcester,Massachusetts,2021-06-30,10.7,31.3,257,7.3,7.3,0.0,26.6,34.7,21.2,0.1148,0.1014
Essex,Massachusetts,2021-06-30,10.8,30.9,254,11.7,11.7,0.0,28.7,36.8,22.3,0.2189,0.2283
Middlesex,Massachusetts,2021-06-30,9.8,29.1,251,11.2,11.2,0.0,28.4,36.8,22.1,0.2,0.2072
Philadelphia,Pennsylvania,2021-04-21,20.5,41.2,256,1.3,1.3,0.0,12.3,19.2,4.8,0.2632,0.2965
Suffolk,Massachusetts,2021-06-30,14.1,27.7,248,3.2,3.2,0.0,29.1,37.0,23.0,0.1248,0.1904
Hillsborough,New Hampshire,2021-05-26,13.9,35.3,244,2.8,2.8,0.0,24.3,31.6,17.4,0.0547,0.1018
York,Maine,2021-05-26,13.3,34.0,240,0.0,0.0,0.0,25.2,32.4,18.0,0.2009,0.2487
Hartford,Connecticut,2021-07-06,12.9,29.5,214,3.0,3.0,0.0,24.7,31.8,19.6,0.2795,0.2365
Cumberland,Maine,2021-05-26,11.6,27.1,219,0.0,0.0,0.0,24.0,29.5,18.6,0.2064,0.2585
Hartford,Connecticut,2021-07-07,8.6,19.5,234,3.9,3.9,0.0,25.6,32.5,20.5,0.2674,0.2333
Suffolk,Massachusetts,2021-07-07,11.3,19.9,263,0.2,0.2,0.0,26.2,31.8,21.6,0.3205,0.3172
Essex,Massachusetts,2021-07-07,9.0,19.5,274,2.5,2.5,0.0,25.2,31.5,20.4,0.3713,0.3566
Worcester,Massachusetts,2021-07-07,10.6,25.1,268,0.1,0.1,0.0,24.1,29.9,19.4,0.2127,0.1889
Middlesex,Massachusetts,2021-07-07,9.3,19.7,277,1.7,1.7,0.0,25.6,31.5,21.0,0.318,0.3052
Essex,Massachusetts,2021-07-16,9.9,29.1,236,0.0,0.0,0.0,26.6,32.3,22.2,0.3368,0.3543
Worcester,Massachusetts,2021-07-16,11.3,32.4,247,0.6,0.6,0.0,24.5,29.5,21.2,0.2237,0.245
Providence,Rhode Island,2021-07-27,8.7,19.9,280,0.8,0.8,0.0,24.7,30.7,19.4,0.2534,0.2696
Philadelphia,Pennsylvania,2021-04-30,24.7,51.0,288,0.7,0.7,0.0,16.0,19.7,9.3,0.2198,0.2445
Allegheny,Pennsylvania,2021-03-26,23.4,48.1,240,6.3,6.3,0.0,13.5,16.2,8.4,0.4776,0.4682
Erie,New York,2021-03-26,32.6,65.3,230,15.0,15.0,0.0,8.6,15.4,3.3,0.4086,0.3818
Monmouth,New Jersey,2021-07-01,5.0,21.7,301,23.1,23.1,0.0,25.1,32.0,21.9,0.1872,0.1764
Montgomery,Pennsylvania,2021-07-01,5.9,24.2,293,14.1,14.1,0.0,24.2,27.5,21.9,0.2509,0.2259
Philadelphia,Pennsylvania,2021-07-01,9.4,21.7,278,31.2,31.2,0.0,25.1,29.3,22.7,0.2241,0.1955
Chester,Pennsylvania,2021-07-01,8.8,22.4,273,22.1,22.1,0.0,23.9,27.9,21.1,0.3464,0.3287
Allegheny,Pennsylvania,2021-06-21,16.0,37.8,223,8.5,8.5,0.0,23.0,27.8,19.0,0.4464,0.4052
Montgomery,Pennsylvania,2021-07-21,7.9,23.7,300,5.4,5.4,0.0,23.7,27.8,19.8,0.2947,0.2871
Philadelphia,Pennsylvania,2021-07-21,9.5,19.9,303,9.9,9.9,0.0,24.6,28.9,21.1,0.268,0.246
Ocean,New Jersey,2021-07-01,9.4,23.7,249,15.1,15.1,0.0,26.0,31.3,22.7,0.2491,0.2131
Ocean,New Jersey,2021-07-21,7.1,21.5,269,7.6,7.6,0.0,24.6,29.5,22.0,0.2817,0.2672
Penobscot,Maine,2021-09-06,9.9,23.0,198,5.3,5.3,0.0,18.2,23.0,14.9,0.2741,0.2595
Montgomery,Pennsylvania,2021-07-06,11.8,28.9,233,0.3,0.3,0.0,27.4,34.8,21.8,0.2779,0.2734
Bucks,Pennsylvania,2021-07-17,8.2,22.1,197,27.5,27.5,0.0,26.3,32.2,22.7,0.2978,0.3038
Chittenden,Vermont,2021-07-20,5.0,20.4,247,4.3,4.3,0.0,20.6,24.1,18.0,0.2735,0.2662
Allegheny,Pennsylvania,2021-06-13,5.7,21.3,220,17.0,17.0,0.0,22.6,28.4,19.4,0.4583,0.3993
Chester,Pennsylvania,2021-07-06,10.0,27.1,227,0.4,0.4,0.0,27.0,33.9,21.2,0.3602,0.337
Philadelphia,Pennsylvania,2021-07-06,13.9,28.6,227,0.6,0.6,0.0,27.4,33.2,22.1,0.2572,0.2761
Monmouth,New Jersey,2021-07-06,11.6,30.2,234,13.2,13.2,0.0,26.7,32.9,21.9,0.2405,0.2513
Allegheny,Pennsylvania,2021-06-14,7.7,19.7,292,16.5,16.5,0.0,19.7,26.2,14.4,0.4808,0.4413
Erie,New York,2021-07-13,11.5,27.5,206,17.3,17.3,0.0,23.3,27.8,21.0,0.4085,0.4132
Bucks,Pennsylvania,2021-07-01,6.1,26.8,295,14.8,14.8,0.0,24.1,27.9,21.9,0.2535,0.2364
Chester,Pennsylvania,2021-07-17,10.1,26.4,190,19.6,19.6,0.0,26.6,31.8,22.6,0.366,0.3479
Chester,Pennsylvania,2021-07-08,11.3,29.1,199,8.1,8.1,0.0,25.2,29.4,21.0,0.3702,0.3251
Philadelphia,Pennsylvania,2021-07-17,10.2,24.6,204,10.2,10.2,0.0,27.3,31.5,24.1,0.2214,0.243
Montgomery,Pennsylvania,2021-07-17,8.4,24.8,186,33.2,33.2,0.0,26.5,31.8,22.5,0.2888,0.2903
Worcester,Massachusetts,2021-07-06,11.8,37.8,241,3.1,3.1,0.0,22.7,29.4,18.0,0.2137,0.193
Middlesex,Massachusetts,2021-07-06,11.1,34.0,230,0.7,0.7,0.0,24.0,30.0,18.3,0.3269,0.3145
Erie,New York,2021-07-08,11.3,23.3,207,16.6,16.6,0.0,21.8,24.0,20.1,0.4165,0.4042
Essex,Massachusetts,2021-07-06,10.3,32.0,228,6.8,6.8,0.0,24.1,30.9,18.2,0.3681,0.3598
Chester,Pennsylvania,2021-06-21,11.0,28.9,207,2.0,2.0,0.0,25.5,31.5,21.3,0.3406,0.3628
Hillsborough,New Hampshire,2021-07-07,9.6,23.0,291,0.8,0.8,0.0,24.1,29.8,19.6,0.1979,0.193
Ocean,New Jersey,2021-08-27,7.2,18.3,261,0.8,0.8,0.0,27.0,32.8,23.9,0.3154,0.3198
York,Maine,2021-07-20,6.8,16.6,277,5.9,5.9,0.0,22.3,27.1,17.8,0.3927,0.3845
Cumberland,Maine,2021-07-20,6.5,18.1,250,5.9,5.9,0.0,21.7,26.3,17.8,0.3902,0.389
Allegheny,Pennsylvania,2021-07-07,9.8,22.8,211,3.1,3.1,0.0,25.9,31.0,22.4,0.3846,0.3807
Chester,Pennsylvania,2021-08-10,9.5,24.4,182,4.3,4.3,0.0,25.6,31.8,20.5,0.3519,0.3005
Allegheny,Pennsylvania,2021-07-13,12.1,36.0,205,3.1,3.1,0.0,24.5,29.3,21.1,0.457,0.4304
Chester,Pennsylvania,2021-08-27,7.0,19.0,272,8.4,8.4,0.0,25.9,30.9,23.1,0.4103,0.408
Hillsborough,New Hampshire,2021-07-20,7.6,20.6,290,1.7,1.7,0.0,22.3,27.8,17.2,0.2607,0.272
Erie,New York,2021-07-20,13.5,28.9,241,0.4,0.4,0.0,22.2,25.4,19.9,0.3742,0.3801
Rockingham,New Hampshire,2021-07-20,6.6,19.2,286,0.5,0.5,0.0,22.9,28.0,17.2,0.3798,0.3868
Montgomery,Pennsylvania,2021-06-14,9.1,21.9,225,11.3,11.3,0.0,21.7,28.5,16.0,0.3706,0.3022
Westchester,New York,2021-07-08,8.6,26.4,149,16.8,16.8,0.0,22.8,26.0,20.6,0.3544,0.3225
Westchester,New York,2021-07-06,11.4,33.3,227,2.0,2.0,0.0,25.1,31.8,20.8,0.3411,0.3488
Chester,Pennsylvania,2021-08-11,9.4,23.5,221,0.3,0.3,0.0,27.1,34.0,22.5,0.3589,0.3019
Bucks,Pennsylvania,2021-08-10,8.4,25.5,173,11.3,11.3,0.0,25.0,30.9,20.9,0.304,0.2276
Worcester,Massachusetts,2021-07-17,7.7,26.6,85,15.9,15.9,0.0,21.7,26.2,19.0,0.2545,0.2363
Bergen,New Jersey,2021-07-06,10.3,29.5,237,3.1,3.1,0.0,26.2,33.8,21.0,0.3319,0.3485
Cumberland,Maine,2021-07-23,7.7,19.0,310,0.3,0.3,0.0,19.9,24.1,16.0,0.3211,0.3502
Rockingham,New Hampshire,2021-07-27,7.4,17.9,300,3.8,3.8,0.0,23.0,28.1,18.9,0.2792,0.2838
Montgomery,Pennsylvania,2021-06-08,6.0,14.3,235,8.3,8.3,0.0,25.1,29.2,22.5,0.307,0.3005
Essex,New Jersey,2021-07-06,10.8,31.3,239,2.2,2.2,0.0,25.6,33.0,20.5,0.3329,0.3387
Chester,Pennsylvania,2021-06-08,6.8,13.9,225,13.6,13.6,0.0,25.0,29.0,22.2,0.3953,0.3707
Bucks,Pennsylvania,2021-08-18,11.5,27.7,146,5.5,5.5,0.0,24.6,29.6,21.0,0.3189,0.2192
Monmouth,New Jersey,2021-06-14,8.1,25.7,175,7.5,7.5,0.0,20.9,25.6,16.7,0.2087,0.1888
Ocean,New Jersey,2021-06-08,7.7,18.3,221,8.0,8.0,0.0,25.9,31.2,22.6,0.2794,0.266
Montgomery,Pennsylvania,2021-08-19,11.9,29.1,252,12.9,12.9,0.0,26.0,30.7,22.3,0.3672,0.28
Montgomery,Pennsylvania,2021-08-11,7.4,23.5,226,1.3,1.3,0.0,27.4,34.2,22.6,0.294,0.2098
Philadelphia,Pennsylvania,2021-06-14,9.4,23.9,206,12.6,12.6,0.0,22.1,28.0,17.5,0.2854,0.2377
Chester,Pennsylvania,2021-06-14,8.5,20.8,219,8.3,8.3,0.0,21.5,28.4,15.8,0.4634,0.4088
Bucks,Pennsylvania,2021-08-11,9.3,25.9,228,2.1,2.1,0.0,26.9,33.4,23.0,0.3152,0.2328
Montgomery,Pennsylvania,2021-08-18,12.5,32.9,148,10.7,10.7,0.0,24.7,29.8,21.5,0.343,0.2324
Philadelphia,Pennsylvania,2021-06-21,12.2,26.2,209,4.0,4.0,0.0,26.3,31.9,21.9,0.1972,0.1995
Allegheny,Pennsylvania,2021-08-29,7.1,16.8,197,3.0,3.0,0.0,25.2,30.5,21.5,0.4508,0.3737
Allegheny,Pennsylvania,2021-08-13,8.9,21.9,223,10.3,10.3,0.0,25.4,31.9,22.0,0.4618,0.3731
Suffolk,New York,2021-07-06,17.4,36.0,228,5.6,5.6,0.0,24.2,26.8,22.0,0.3218,0.3061
Chester,Pennsylvania,2021-08-18,13.8,37.8,149,9.1,9.1,0.0,24.1,27.8,22.0,0.4814,0.4333
Nassau,New York,2021-07-06,11.4,24.8,223,3.1,3.1,0.0,25.2,29.8,21.7,0.3432,0.3593
Allegheny,Pennsylvania,2021-08-12,11.3,28.4,221,24.7,24.7,0.0,26.2,32.7,22.6,0.3905,0.3286
Allegheny,Pennsylvania,2021-06-30,8.1,22.4,228,10.1,10.1,0.0,24.4,27.5,21.8,0.3618,0.3515
Allegheny,Pennsylvania,2021-06-08,7.9,20.4,244,3.6,3.6,0.0,24.5,29.4,21.2,0.3691,0.3777
Worcester,Massachusetts,2021-08-19,17.3,42.7,174,30.9,30.9,0.0,21.9,24.9,20.1,0.2129,0.1405
Suffolk,New York,2021-11-13,21.2,42.3,222,2.9,2.9,0.0,11.1,16.1,6.9,0.4084,0.4136
Nassau,New York,2021-11-13,15.2,34.7,214,2.9,2.9,0.0,8.9,16.4,4.4,0.3863,0.3756
Suffolk,New York,2021-12-06,26.7,49.0,194,3.4,3.4,0.0,13.5,15.6,9.1,0.357,0.3612
Nassau,New York,2021-12-06,19.5,40.3,192,8.5,8.5,0.0,12.5,14.6,8.1,0.3732,0.3534
New Haven,Connecticut,2021-11-13,16.9,36.0,198,5.7,5.7,0.0,8.7,15.2,4.5,0.4061,0.403
Nassau,New York,2021-09-01,22.0,53.0,83,42.4,42.4,0.0,21.8,23.2,20.6,0.3701,0.3302
Erie,New York,2021-08-11,15.8,31.8,226,3.0,3.0,0.0,25.1,27.5,23.3,0.3642,0.3368
Fairfield,Connecticut,2021-07-27,7.5,20.8,279,0.4,0.4,0.0,25.0,30.0,20.0,0.1513,0.15
Essex,New Jersey,2021-07-29,11.5,27.7,194,28.4,28.4,0.0,20.8,25.9,16.4,0.282,0.2702
Westchester,New York,2021-07-25,12.0,27.3,194,2.6,2.6,0.0,22.9,26.9,19.1,0.2301,0.2434
Bergen,New Jersey,2021-08-12,12.5,33.6,231,0.0,0.0,0.0,29.2,37.0,23.2,0.1546,0.1954
Chittenden,Vermont,2021-10-16,13.3,40.5,178,20.2,20.2,0.0,18.2,23.5,12.9,0.2763,0.2485
Chester,Pennsylvania,2021-10-25,11.5,27.3,188,11.6,11.6,0.0,17.9,23.8,13.9,0.3637,0.3604
Montgomery,Pennsylvania,2021-10-25,11.3,26.4,178,9.4,9.4,0.0,18.3,24.8,13.6,0.2709,0.2576
Suffolk,Massachusetts,2021-10-26,24.7,42.5,44,29.2,29.2,0.0,14.0,16.4,10.8,0.4202,0.3752
Suffolk,Massachusetts,2021-12-06,20.2,34.7,191,3.5,3.5,0.0,10.5,15.2,2.0,0.3262,0.334
Montgomery,Pennsylvania,2021-09-23,15.7,46.1,157,43.9,43.9,0.0,21.1,24.9,17.4,0.3154,0.2738
Chester,Pennsylvania,2021-09-23,16.5,47.4,164,40.8,40.8,0.0,20.0,22.7,15.9,0.4258,0.3803
Chester,Pennsylvania,2021-09-01,16.8,41.4,89,61.8,61.8,0.0,20.3,22.6,16.1,0.4827,0.4572
Middlesex,Massachusetts,2021-08-19,14.1,40.5,168,37.3,37.3,0.0,22.6,25.6,20.4,0.2847,0.2111
Essex,Massachusetts,2021-08-19,12.0,36.0,169,37.2,37.2,0.0,22.6,25.1,20.6,0.2866,0.2432
Montgomery,Pennsylvania,2021-09-01,18.0,42.1,72,64.5,64.5,0.0,20.5,23.0,16.5,0.4032,0.3575
Westchester,New York,2021-09-01,20.8,48.1,42,89.1,89.1,0.0,19.8,22.5,17.1,0.385,0.3508
Suffolk,New York,2021-09-01,18.4,43.0,95,16.0,16.0,0.0,22.3,24.1,20.5,0.3587,0.3282
Fairfield,Connecticut,2021-09-01,18.7,45.9,39,63.6,63.6,0.0,19.2,20.8,17.1,0.2871,0.2495
Bergen,New Jersey,2021-07-08,7.8,24.8,94,16.3,16.3,0.0,23.3,28.4,20.5,0.355,0.3263
Allegheny,Pennsylvania,2021-10-21,16.0,31.3,219,6.8,6.8,0.0,15.3,21.5,11.1,0.4235,0.4252
Androscoggin,Maine,2021-09-06,9.6,24.6,227,2.2,2.2,0.0,18.8,23.0,14.8,0.2552,0.2456
Monmouth,New Jersey,2021-07-14,6.3,22.6,242,0.1,0.1,0.0,26.0,31.2,22.0,0.2632,0.2787
Bucks,Pennsylvania,2021-07-12,7.0,18.6,194,19.5,19.5,0.0,25.6,30.3,22.8,0.3589,0.2966
Ocean,New Jersey,2021-07-12,9.8,23.7,220,13.2,13.2,0.0,26.1,29.8,23.1,0.3713,0.3523
Middlesex,New Jersey,2021-07-12,8.8,21.0,181,19.5,19.5,0.0,25.4,29.4,23.0,0.3755,0.3598
Monmouth,New Jersey,2021-07-12,7.8,23.3,187,24.5,24.5,0.0,25.1,29.3,22.7,0.2863,0.2819
Philadelphia,Pennsylvania,2021-07-12,10.2,22.4,202,8.0,8.0,0.0,26.4,30.3,24.0,0.2858,0.2717
Ocean,New Jersey,2021-07-09,17.5,36.7,287,54.9,54.9,0.0,25.4,30.0,22.0,0.4168,0.3917
Ocean,New Jersey,2021-07-29,13.0,29.8,183,3.6,3.6,0.0,23.5,27.8,19.2,0.1921,0.1964
Bucks,Pennsylvania,2021-07-29,9.7,31.5,191,15.2,15.2,0.0,22.5,26.1,19.0,0.2403,0.247
Philadelphia,Pennsylvania,2021-07-29,12.7,30.6,193,10.8,10.8,0.0,23.7,27.1,20.1,0.1544,0.203
Suffolk,New York,2022-12-23,35.7,65.8,195,23.4,23.4,0.0,6.5,13.6,-10.6,0.4255,0.4323
Bucks,Pennsylvania,2022-03-07,20.8,49.2,224,2.7,2.7,0.0,17.9,22.5,12.6,0.3679,0.3722
Philadelphia,Pennsylvania,2022-03-07,23.3,47.2,222,1.6,1.6,0.0,18.2,23.3,13.1,0.333,0.3295
Chester,Pennsylvania,2022-03-07,19.9,44.7,221,3.5,3.5,0.0,17.2,21.2,11.7,0.4528,0.4438
Montgomery,Pennsylvania,2022-03-07,20.6,47.6,221,4.6,4.6,0.0,18.1,23.0,12.4,0.3631,0.3539
Ocean,New Jersey,2022-03-07,22.6,49.9,224,1.9,1.9,0.0,19.4,23.6,14.5,0.3537,0.3329
Monmouth,New Jersey,2022-03-07,22.7,50.8,230,0.9,0.9,0.0,19.7,24.6,13.6,0.2507,0.256
Worcester,Massachusetts,2022-05-22,15.3,36.5,239,3.6,3.6,0.0,25.0,31.7,19.9,0.1239,0.094
Suffolk,Massachusetts,2022-05-22,13.2,25.9,220,0.4,0.4,0.0,26.6,33.6,20.6,0.1352,0.1948
Providence,Rhode Island,2022-07-02,12.8,25.7,230,13.2,13.2,0.0,23.9,28.7,21.4,0.2505,0.1821
Worcester,Massachusetts,2022-07-02,11.4,26.8,244,2.8,2.8,0.0,23.6,28.9,20.4,0.111,0.0732
Middlesex,Massachusetts,2022-07-02,10.8,29.5,234,1.6,1.6,0.0,25.4,31.9,21.5,0.1788,0.1628
Hartford,Connecticut,2022-07-12,16.5,34.0,196,0.7,0.7,0.0,24.5,31.5,18.6,0.1685,0.1792
Providence,Rhode Island,2022-07-12,16.6,34.7,209,1.4,1.4,0.0,23.9,29.7,18.4,0.1988,0.2237
Rockingham,New Hampshire,2022-10-14,12.6,28.0,170,27.3,27.3,0.0,16.3,19.7,11.9,0.4168,0.3574
York,Maine,2022-10-14,17.3,42.5,159,54.7,54.7,0.0,15.7,17.1,12.1,0.4288,0.3814
Ocean,New Jersey,2022-01-17,25.1,57.0,214,25.3,25.3,0.0,4.3,10.8,-0.3,0.4155,0.4005
Middlesex,New Jersey,2022-01-17,23.7,51.0,205,32.7,32.5,0.14,3.8,9.0,0.2,0.4182,0.41
Middlesex,New Jersey,2022-01-28,9.6,17.9,64,2.5,0.0,1.75,-1.0,1.3,-2.8,0.3596,0.3649
Androscoggin,Maine,2022-01-17,19.2,41.8,113,31.5,11.2,14.21,-1.4,4.6,-11.4,0.3193,0.2415
Hartford,Connecticut,2022-01-28,7.4,14.3,199,0.6,0.0,0.42,-1.6,0.6,-4.6,0.3626,0.3712
Philadelphia,Pennsylvania,2022-01-28,9.7,17.7,56,3.3,0.0,2.31,-0.9,1.7,-2.7,0.3401,0.3449
Suffolk,Massachusetts,2022-01-07,16.5,28.0,314,13.7,0.0,9.59,-1.9,-0.9,-4.9,0.381,0.3911
Suffolk,New York,2022-01-17,43.3,76.7,174,30.8,30.8,0.0,5.5,10.7,1.6,0.4192,0.4168
Fairfield,Connecticut,2022-01-17,24.2,53.0,148,45.4,42.5,2.03,2.6,5.8,-0.2,0.3284,0.3157
Suffolk,Massachusetts,2022-01-28,9.7,16.6,248,0.0,0.0,0.0,-1.1,2.0,-4.9,0.3598,0.3697
Hartford,Connecticut,2022-01-07,15.2,30.0,322,8.4,0.0,5.88,-2.8,-0.2,-11.6,0.3766,0.3858
Suffolk,Massachusetts,2022-01-14,19.3,33.6,344,0.1,0.1,0.0,-0.1,4.5,-8.6,0.3718,0.3827
Suffolk,New York,2022-02-18,34.2,67.1,253,21.4,21.4,0.0,7.4,12.9,-1.9,0.418,0.415
Hartford,Connecticut,2022-05-16,12.3,29.5,186,3.1,3.1,0.0,19.7,26.9,14.5,0.1772,0.1855
Bergen,New Jersey,2022-07-18,12.2,29.1,196,20.5,20.5,0.0,24.6,29.9,22.0,0.1863,0.1325
Androscoggin,Maine,2022-02-03,10.2,21.3,210,9.6,5.3,3.01,2.1,5.4,0.3,0.2983,0.2545
Kennebec,Maine,2022-02-03,10.3,21.5,203,8.3,4.9,2.38,2.7,5.0,0.6,0.437,0.3865
Suffolk,New York,2022-07-14,7.8,22.6,152,5.2,5.2,0.0,23.7,26.4,21.5,0.2251,0.23
Chester,Pennsylvania,2022-02-18,20.8,45.4,269,8.2,8.2,0.0,6.4,14.5,-3.0,0.495,0.486
Suffolk,Massachusetts,2022-02-25,19.5,33.3,70,23.6,0.5,16.17,-2.2,1.2,-8.1,0.3713,0.3843
Androscoggin,Maine,2022-01-29,24.8,54.1,3,20.1,0.0,14.14,-12.8,-8.4,-14.4,0.248,0.2514
Allegheny,Pennsylvania,2022-02-03,11.0,21.3,333,32.8,32.8,0.0,2.5,5.5,-0.1,0.5136,0.5116
Kennebec,Maine,2022-01-29,23.1,54.8,4,23.9,0.0,16.73,-12.9,-8.9,-14.9,0.399,0.3616
Bergen,New Jersey,2022-05-22,12.2,24.8,250,3.9,3.9,0.0,25.1,31.5,20.0,0.2765,0.2782
Westchester,New York,2022-05-22,10.3,20.8,232,0.4,0.4,0.0,24.3,30.9,19.2,0.303,0.3029
Essex,New Jersey,2022-05-27,12.5,27.3,187,13.8,13.8,0.0,19.1,23.8,15.9,0.2787,0.2747
Montgomery,Pennsylvania,2022-05-22,12.8,24.4,241,5.2,5.2,0.0,24.2,30.5,20.0,0.371,0.3665
Chester,Pennsylvania,2022-05-22,11.0,23.7,240,7.3,7.3,0.0,24.0,29.5,20.3,0.4229,0.3986
Bergen,New Jersey,2022-05-28,9.0,22.1,265,18.8,18.8,0.0,19.7,23.1,17.4,0.3518,0.2681
Chittenden,Vermont,2022-05-21,12.2,29.3,177,3.2,3.2,0.0,22.8,30.8,16.7,0.2257,0.2264
Fairfield,Connecticut,2022-05-28,8.1,22.4,256,15.7,15.7,0.0,19.2,24.1,16.2,0.2169,0.1227
Penobscot,Maine,2022-05-22,7.6,17.4,191,23.9,23.9,0.0,17.7,24.8,13.5,0.238,0.1833
Montgomery,Pennsylvania,2022-05-20,15.1,33.8,142,1.2,1.2,0.0,20.4,27.0,12.6,0.3693,0.3701
Philadelphia,Pennsylvania,2022-05-20,11.7,27.7,140,0.8,0.8,0.0,20.6,28.5,14.1,0.3413,0.3219
Bucks,Pennsylvania,2022-05-20,12.0,31.3,135,4.4,4.4,0.0,19.7,27.5,12.1,0.38,0.3754
Monmouth,New Jersey,2022-05-20,9.9,24.2,136,5.0,5.0,0.0,18.5,26.8,11.6,0.2644,0.2597
Androscoggin,Maine,2022-05-22,10.1,25.1,195,11.6,11.6,0.0,19.9,28.6,14.3,0.186,0.1311
Chester,Pennsylvania,2022-04-14,12.7,33.8,241,6.3,6.3,0.0,18.7,25.8,12.4,0.439,0.4542
Philadelphia,Pennsylvania,2022-04-14,15.8,30.0,242,10.8,10.8,0.0,20.1,27.0,13.4,0.337,0.3362
Westchester,New York,2022-07-21,15.6,36.9,208,3.7,3.7,0.0,28.0,33.1,23.5,0.2118,0.1662
Essex,New Jersey,2022-07-21,10.9,30.0,222,2.3,2.3,0.0,28.3,34.7,23.2,0.2313,0.1887
Bergen,New Jersey,2022-07-21,11.0,26.8,214,7.4,7.4,0.0,28.5,34.7,23.8,0.2247,0.1989
Nassau,New York,2022-07-21,11.0,25.9,205,0.1,0.1,0.0,27.7,31.6,23.6,0.2316,0.1914
Suffolk,New York,2022-07-21,17.5,35.1,214,0.4,0.4,0.0,26.3,28.9,23.8,0.2058,0.2056
Hillsborough,New Hampshire,2022-05-16,9.7,23.9,194,27.2,27.2,0.0,18.6,26.7,14.1,0.2011,0.1368
Allegheny,Pennsylvania,2022-01-16,12.6,23.7,78,8.5,0.2,5.81,-5.8,-0.2,-9.2,0.4749,0.4834
Allegheny,Pennsylvania,2022-03-31,19.4,43.6,221,8.5,8.5,0.0,15.7,20.0,7.6,0.4772,0.4588
Bergen,New Jersey,2022-04-14,14.6,30.2,249,2.9,2.9,0.0,19.0,27.9,13.1,0.3313,0.3528
Allegheny,Pennsylvania,2022-05-21,12.1,23.7,225,0.0,0.0,0.0,24.4,30.5,19.0,0.4568,0.4501
Allegheny,Pennsylvania,2022-05-03,9.1,23.5,111,14.0,14.0,0.0,15.4,23.9,8.8,0.4546,0.4363
Monmouth,New Jersey,2022-05-27,13.3,31.8,191,6.7,6.7,0.0,20.8,27.1,16.3,0.1762,0.189
Allegheny,Pennsylvania,2022-03-11,14.0,27.7,254,0.8,0.3,0.35,5.3,13.6,-1.2,0.4753,0.4863
Allegheny,Pennsylvania,2022-03-07,20.8,47.6,239,16.1,16.1,0.0,12.4,18.0,3.2,0.4876,0.462
Suffolk,Massachusetts,2022-03-08,23.8,46.5,286,2.2,2.2,0.0,4.3,15.3,-1.1,0.3985,0.4076
Chester,Pennsylvania,2022-03-31,19.1,41.2,193,10.9,10.9,0.0,14.4,19.5,6.1,0.43,0.4273
Hillsborough,New Hampshire,2022-03-07,21.3,48.8,253,9.8,9.8,0.0,8.3,13.4,4.8,0.3083,0.3022
Rockingham,New Hampshire,2022-03-07,18.8,38.9,248,5.6,5.6,0.0,9.0,14.1,5.8,0.4189,0.4183
Bergen,New Jersey,2022-03-07,17.9,43.0,235,5.0,5.0,0.0,16.7,22.6,10.2,0.3747,0.3768
Essex,New Jersey,2022-03-07,18.7,45.0,232,4.2,4.2,0.0,16.5,21.8,10.1,0.3758,0.3799
Westchester,New York,2022-03-07,18.0,43.0,231,5.2,5.2,0.0,15.3,21.2,8.6,0.3864,0.3793
Bucks,Pennsylvania,2022-03-31,17.1,36.9,194,9.8,9.8,0.0,14.4,19.5,3.8,0.3466,0.3488
Worcester,Massachusetts,2022-03-07,21.0,51.7,246,6.5,6.5,0.0,10.1,14.2,5.2,0.309,0.3129
Middlesex,Massachusetts,2022-03-07,18.4,39.1,234,2.9,2.9,0.0,11.4,15.5,6.2,0.4158,0.4212
Essex,Massachusetts,2022-03-07,17.7,37.1,236,3.9,3.9,0.0,11.6,16.0,7.4,0.42,0.4235
Rockingham,New Hampshire,2022-08-05,9.6,24.2,263,20.6,20.6,0.0,25.6,33.2,21.6,0.2159,0.1878
Hillsborough,New Hampshire,2022-08-05,10.3,23.0,282,12.8,12.8,0.0,25.5,32.8,21.8,0.1122,0.081
Hillsborough,New Hampshire,2022-08-07,12.7,30.9,240,0.5,0.5,0.0,27.2,33.3,22.7,0.1559,0.0779
Rockingham,New Hampshire,2022-08-07,14.9,34.4,237,0.6,0.6,0.0,27.7,34.4,23.6,0.1995,0.181
Fairfield,Connecticut,2022-08-26,7.9,24.8,223,18.5,18.5,0.0,23.1,29.1,19.5,0.1884,0.1219
Erie,New York,2022-08-08,17.1,34.7,226,11.5,11.5,0.0,24.3,26.8,22.8,0.372,0.3588
Erie,New York,2022-08-29,14.5,34.2,198,5.8,5.8,0.0,24.7,30.6,21.6,0.3514,0.3565
Cumberland,Maine,2022-11-30,24.7,52.6,173,27.6,27.6,0.0,7.4,11.8,1.3,0.3941,0.3932
Hartford,Connecticut,2022-08-26,10.5,31.1,195,10.8,10.8,0.0,23.6,31.2,19.9,0.1719,0.1472
Middlesex,Massachusetts,2022-08-26,11.4,34.4,217,2.8,2.8,0.0,23.2,30.2,19.1,0.253,0.181
Middlesex,Massachusetts,2022-08-05,10.0,25.1,242,10.4,10.4,0.0,26.7,36.0,22.0,0.2136,0.1622
Middlesex,Massachusetts,2022-08-07,15.3,33.6,229,2.0,2.0,0.0,27.8,34.2,24.0,0.271,0.1846
Cumberland,Maine,2022-08-26,7.3,19.2,82,2.8,2.8,0.0,20.4,24.4,18.6,0.2962,0.2613
York,Maine,2022-08-26,10.3,23.5,79,1.4,1.4,0.0,21.1,27.0,17.9,0.2771,0.2121
Worcester,Massachusetts,2022-08-26,13.2,30.6,227,4.1,4.1,0.0,22.4,28.4,18.9,0.1681,0.1557
Essex,Massachusetts,2022-08-07,14.6,36.5,235,0.6,0.6,0.0,28.8,35.7,24.9,0.2218,0.1624
Suffolk,Massachusetts,2022-08-07,16.5,32.9,234,0.8,0.8,0.0,28.5,34.4,24.5,0.2636,0.1647
Worcester,Massachusetts,2022-08-07,14.1,33.6,236,5.4,5.4,0.0,26.3,33.0,22.4,0.1055,0.0819
Androscoggin,Maine,2022-11-30,20.6,51.7,156,23.4,23.4,0.0,4.6,11.1,-0.9,0.298,0.292
Chittenden,Vermont,2022-08-26,8.2,23.9,147,20.1,20.1,0.0,18.5,25.4,14.7,0.2508,0.2342
Chittenden,Vermont,2022-08-30,11.7,27.5,196,17.6,17.6,0.0,24.1,29.3,19.2,0.234,0.2275
Worcester,Massachusetts,2022-08-05,9.7,22.8,270,2.3,2.3,0.0,26.1,33.8,20.7,0.1023,0.0906
Hartford,Connecticut,2022-08-07,14.8,31.5,212,4.7,4.7,0.0,27.7,33.5,23.4,0.2075,0.1733
Allegheny,Pennsylvania,2022-06-22,8.6,23.7,237,28.7,28.7,0.0,24.3,31.3,20.5,0.4212,0.3959
New Haven,Connecticut,2022-08-23,6.7,18.6,221,4.9,4.9,0.0,22.6,27.6,18.7,0.2635,0.181
Hillsborough,New Hampshire,2022-07-12,14.2,35.6,222,0.2,0.2,0.0,24.8,32.3,19.0,0.079,0.0673
Cumberland,Maine,2022-07-12,16.9,36.0,199,0.1,0.1,0.0,23.1,27.7,19.2,0.1833,0.1846
Chester,Pennsylvania,2022-08-04,9.5,19.5,220,9.4,9.4,0.0,26.9,34.2,21.9,0.3568,0.3334
Montgomery,Pennsylvania,2022-08-04,10.4,25.5,224,3.0,3.0,0.0,27.9,35.4,21.9,0.2419,0.2349
Erie,New York,2022-07-24,16.5,32.0,222,2.3,2.3,0.0,24.6,28.7,21.5,0.3259,0.3405
Chittenden,Vermont,2022-07-21,13.3,33.1,198,1.6,1.6,0.0,25.9,30.4,22.1,0.2175,0.2308
Monmouth,New Jersey,2022-07-02,10.0,23.3,231,22.5,22.5,0.0,26.0,30.2,24.0,0.196,0.1659
Chester,Pennsylvania,2022-07-02,9.4,24.2,226,6.5,6.5,0.0,24.9,30.9,21.6,0.3377,0.3434
Monmouth,New Jersey,2022-08-05,9.2,21.3,243,0.8,0.8,0.0,27.4,33.2,22.7,0.121,0.1186
Chester,Pennsylvania,2022-07-01,11.9,25.9,210,2.2,2.2,0.0,25.6,31.7,20.5,0.3061,0.3455
Allegheny,Pennsylvania,2022-07-25,12.8,27.1,276,11.3,11.3,0.0,25.1,29.1,20.0,0.4482,0.3856
Allegheny,Pennsylvania,2022-07-23,13.3,29.1,207,0.4,0.4,0.0,24.9,32.5,19.0,0.3985,0.3833
York,Maine,2022-07-21,13.5,32.2,205,1.0,1.0,0.0,26.8,32.3,22.6,0.2383,0.1888
Hillsborough,New Hampshire,2022-07-25,11.9,30.0,238,1.6,1.6,0.0,25.5,29.0,20.5,0.097,0.0792
Rockingham,New Hampshire,2022-07-25,12.3,30.6,231,0.8,0.8,0.0,26.6,29.2,22.2,0.1748,0.1642
Cumberland,Maine,2022-07-25,12.1,27.3,226,6.3,6.3,0.0,25.6,29.8,21.5,0.2253,0.1948
Kennebec,Maine,2022-12-16,12.8,27.5,47,9.3,0.6,6.09,0.1,1.5,-1.8,0.3655,0.3701
Androscoggin,Maine,2022-12-16,13.8,28.6,49,16.4,0.3,11.27,-0.1,1.4,-1.9,0.2422,0.2477
Hillsborough,New Hampshire,2022-11-30,17.3,45.9,186,13.0,13.0,0.0,4.0,11.0,-2.2,0.2751,0.2611
Suffolk,New York,2022-09-25,17.3,34.4,223,0.7,0.7,0.0,18.2,22.0,13.5,0.2619,0.2163
Nassau,New York,2022-09-25,15.0,30.9,212,2.7,2.7,0.0,16.9,22.3,11.1,0.2693,0.2506
Middlesex,Massachusetts,2022-09-13,8.9,20.8,165,11.9,11.9,0.0,20.5,23.2,18.6,0.3505,0.308
Hillsborough,New Hampshire,2022-09-13,8.3,21.7,177,17.2,17.2,0.0,19.0,21.3,17.0,0.2137,0.1816
Suffolk,Massachusetts,2022-12-23,25.5,51.2,158,30.8,30.8,0.0,8.0,13.3,-4.0,0.4306,0.415
Hillsborough,New Hampshire,2022-12-23,20.7,54.6,150,66.1,64.5,1.12,5.1,10.4,-7.2,0.3593,0.3457
Rockingham,New Hampshire,2022-12-23,21.6,52.6,147,50.8,50.1,0.49,6.8,11.6,-5.0,0.4325,0.4225
Hillsborough,New Hampshire,2022-07-21,13.9,34.4,223,5.2,5.2,0.0,27.2,33.5,22.6,0.143,0.0791
Monmouth,New Jersey,2022-07-16,7.2,18.8,131,4.3,4.3,0.0,23.0,28.3,19.2,0.1095,0.1243
Chester,Pennsylvania,2022-07-28,11.1,24.8,241,0.7,0.7,0.0,25.8,31.9,21.4,0.4126,0.33
Cumberland,Maine,2022-07-21,13.7,30.6,193,0.7,0.7,0.0,25.3,28.5,22.0,0.2577,0.2078
Worcester,Massachusetts,2022-07-21,15.8,37.6,225,2.1,2.1,0.0,26.9,33.4,22.1,0.1026,0.063
Middlesex,Massachusetts,2022-07-21,14.0,38.7,215,2.6,2.6,0.0,28.5,35.0,23.4,0.1877,0.1513
Hartford,Connecticut,2022-07-21,15.4,35.8,199,1.0,1.0,0.0,28.2,35.0,22.6,0.2052,0.1721
Kennebec,Maine,2022-07-14,8.7,22.8,341,3.3,3.3,0.0,21.2,28.5,18.0,0.189,0.171
Rockingham,New Hampshire,2022-07-17,9.3,21.3,197,1.2,1.2,0.0,24.5,31.1,18.1,0.1728,0.1685
Erie,New York,2022-07-20,14.0,33.8,219,3.0,3.0,0.0,25.9,30.5,21.4,0.3824,0.3856
Middlesex,New Jersey,2022-06-01,9.5,20.1,83,14.4,14.4,0.0,19.5,23.6,16.4,0.2638,0.2935
Ocean,New Jersey,2022-06-02,7.9,19.0,226,15.5,15.5,0.0,21.8,29.2,17.0,0.264,0.2641
Erie,New York,2022-06-22,13.4,26.4,240,1.3,1.3,0.0,24.3,28.6,20.7,0.3215,0.3278
Monmouth,New Jersey,2022-06-09,14.7,33.3,255,10.4,10.4,0.0,23.4,28.9,19.0,0.2103,0.1436
Ocean,New Jersey,2022-06-09,16.6,34.4,252,10.1,10.1,0.0,24.2,29.2,19.0,0.243,0.2041
Allegheny,Pennsylvania,2022-08-29,10.9,26.4,190,3.9,3.9,0.0,25.0,31.8,20.6,0.3561,0.3788
New Haven,Connecticut,2022-07-21,13.6,32.9,202,1.5,1.5,0.0,27.8,32.6,22.8,0.2007,0.1894
Suffolk,New York,2022-07-26,13.5,28.0,260,1.1,1.1,0.0,24.1,27.8,21.4,0.1978,0.1935
Allegheny,Pennsylvania,2022-12-23,22.9,47.9,245,5.6,3.6,1.4,-10.3,4.7,-19.6,0.4925,0.4815
Hillsborough,New Hampshire,2023-06-26,8.9,24.8,133,17.5,17.5,0.0,20.2,24.6,17.9,0.2531,0.206
Rockingham,New Hampshire,2023-07-18,9.1,24.8,208,7.5,7.5,0.0,23.8,28.2,20.5,0.375,0.3797
Hillsborough,New Hampshire,2023-07-18,8.4,26.6,208,3.8,3.8,0.0,23.3,27.6,20.0,0.2507,0.2617
Essex,Massachusetts,2023-09-08,8.1,21.0,211,5.7,5.7,0.0,23.9,30.0,20.9,0.2317,0.239
Worcester,Massachusetts,2023-09-08,7.5,25.9,217,4.0,4.0,0.0,22.0,27.5,19.9,0.142,0.1556
Middlesex,Massachusetts,2023-09-08,9.0,25.1,209,2.5,2.5,0.0,23.6,30.4,20.7,0.2623,0.2564
Philadelphia,Pennsylvania,2023-06-25,7.4,15.9,225,5.6,5.6,0.0,23.5,29.5,18.5,0.3078,0.2012
Chester,Pennsylvania,2023-06-25,6.7,17.4,249,5.8,5.8,0.0,23.0,29.3,17.6,0.4292,0.3104
Middlesex,New Jersey,2023-06-17,15.0,31.3,314,0.0,0.0,0.0,20.3,26.8,13.9,0.2113,0.157
Ocean,New Jersey,2023-06-16,10.0,21.5,188,2.1,2.1,0.0,19.8,26.0,15.8,0.2077,0.1675
Chittenden,Vermont,2023-07-09,5.5,13.9,141,15.1,15.1,0.0,21.8,26.8,18.7,0.2232,0.1893
Bucks,Pennsylvania,2023-06-27,7.2,19.2,165,16.5,16.5,0.0,20.8,27.6,17.5,0.3724,0.2794
Philadelphia,Pennsylvania,2023-06-27,11.3,25.1,184,10.4,10.4,0.0,21.8,27.9,18.8,0.3537,0.2763
Montgomery,Pennsylvania,2023-06-27,7.2,21.0,172,12.0,12.0,0.0,21.3,27.9,17.6,0.3834,0.3149
Chester,Pennsylvania,2023-06-27,8.5,23.5,181,10.4,10.4,0.0,20.7,27.1,17.3,0.4674,0.4046
Chittenden,Vermont,2023-07-13,13.9,32.9,151,2.5,2.5,0.0,20.7,27.5,15.9,0.2575,0.2679
Hartford,Connecticut,2023-09-08,10.8,22.1,184,31.9,31.9,0.0,22.7,29.1,20.2,0.2864,0.2413
Suffolk,New York,2023-07-29,12.8,28.2,235,3.2,3.2,0.0,27.2,30.2,24.5,0.2525,0.2673
Fairfield,Connecticut,2023-07-29,13.9,30.9,269,7.8,7.8,0.0,25.4,30.8,18.6,0.2027,0.201
New Haven,Connecticut,2023-07-29,11.2,28.2,257,17.4,17.4,0.0,25.3,30.3,20.8,0.3498,0.3032
Fairfield,Connecticut,2023-07-27,13.6,33.3,222,5.3,5.3,0.0,25.3,32.1,20.4,0.2223,0.2208
New Haven,Connecticut,2023-07-27,15.0,35.6,220,2.5,2.5,0.0,25.8,31.5,21.9,0.3252,0.3103
Monmouth,New Jersey,2023-04-01,15.2,39.1,232,20.8,20.8,0.0,15.7,20.8,11.8,0.2798,0.2533
Westchester,New York,2023-07-13,11.9,28.9,177,0.4,0.4,0.0,25.2,30.0,20.2,0.2755,0.3013
Ocean,New Jersey,2023-04-01,20.0,46.1,230,18.5,18.5,0.0,16.3,19.4,12.4,0.3705,0.3309
New Haven,Connecticut,2023-07-21,10.0,23.0,172,9.9,9.9,0.0,21.9,25.1,19.4,0.3424,0.3176
Worcester,Massachusetts,2023-07-13,12.9,28.2,203,6.8,6.8,0.0,23.6,28.0,19.4,0.2129,0.2376
Hartford,Connecticut,2023-07-16,13.2,27.5,174,38.5,38.5,0.0,22.9,24.1,21.5,0.4062,0.2823
Nassau,New York,2023-07-29,11.5,31.8,237,12.0,12.0,0.0,26.7,30.9,22.1,0.3343,0.3333
Middlesex,Massachusetts,2023-07-21,7.2,22.8,179,6.7,6.7,0.0,21.5,26.0,18.6,0.316,0.3203
Hartford,Connecticut,2023-07-02,11.5,26.4,172,13.6,13.6,0.0,22.1,28.3,18.4,0.2578,0.1893
Providence,Rhode Island,2023-09-13,10.3,21.0,200,10.9,10.9,0.0,20.5,23.2,17.6,0.3568,0.2914
Worcester,Massachusetts,2023-07-16,13.9,30.2,185,30.4,30.4,0.0,21.4,22.5,20.0,0.2982,0.2567
Essex,Massachusetts,2023-07-24,8.0,19.7,226,1.4,1.4,0.0,23.5,29.6,17.8,0.2862,0.2945
Hartford,Connecticut,2023-07-27,15.2,37.8,207,19.1,19.1,0.0,25.1,31.2,20.9,0.361,0.3344
Worcester,Massachusetts,2023-07-21,9.6,24.2,191,13.9,13.9,0.0,19.7,24.3,17.1,0.2113,0.2039
Providence,Rhode Island,2023-07-29,9.8,23.3,249,27.1,27.1,0.0,25.1,30.5,21.4,0.3489,0.2958
Providence,Rhode Island,2023-07-27,15.6,37.4,216,1.7,1.7,0.0,25.5,31.0,20.9,0.3187,0.288
Hartford,Connecticut,2023-02-27,8.8,17.9,357,1.2,0.0,0.84,-0.4,3.4,-4.2,0.378,0.3864
Middlesex,New Jersey,2023-04-01,17.1,38.5,230,19.3,19.3,0.0,15.7,20.7,11.6,0.3852,0.369
Androscoggin,Maine,2023-01-22,9.2,19.7,229,2.1,0.0,1.47,-4.5,0.5,-8.9,0.2535,0.2621
Kennebec,Maine,2023-01-22,8.6,20.8,208,2.1,0.0,1.47,-4.4,1.0,-9.1,0.3774,0.3863
Androscoggin,Maine,2023-01-25,10.1,22.1,24,4.0,0.0,2.8,-5.6,-2.3,-9.1,0.244,0.2501
Androscoggin,Maine,2023-01-19,12.7,26.4,342,0.1,0.0,0.07,0.2,3.2,-3.5,0.2703,0.282
Kennebec,Maine,2023-01-19,9.7,19.5,339,0.0,0.0,0.0,-0.1,3.0,-3.2,0.3954,0.405
Androscoggin,Maine,2023-02-28,14.9,31.3,77,8.5,0.0,5.95,-4.8,-0.9,-8.3,0.2435,0.2488
Kennebec,Maine,2023-02-28,13.8,30.2,85,6.9,0.0,4.83,-4.9,-0.6,-8.8,0.3648,0.3691
Providence,Rhode Island,2023-08-18,9.0,23.5,247,1.9,1.9,0.0,22.3,27.0,19.1,0.3596,0.352
Androscoggin,Maine,2023-03-04,12.8,27.5,46,19.9,0.0,13.93,-1.7,-0.8,-2.8,0.2377,0.2415
Kennebec,Maine,2023-03-04,11.5,25.9,45,12.4,0.0,8.68,-2.0,-0.4,-3.8,0.3605,0.362
Kennebec,Maine,2023-03-14,24.3,52.1,31,17.2,0.1,11.97,0.5,1.9,-0.2,0.3955,0.3897
Erie,New York,2023-04-16,23.1,47.4,216,10.9,10.9,0.0,17.8,26.0,8.1,0.3338,0.3417
Erie,New York,2023-04-01,27.7,57.7,236,17.4,17.4,0.0,9.3,14.3,0.2,0.4252,0.4247
Allegheny,Pennsylvania,2023-04-05,15.3,31.1,201,0.5,0.5,0.0,19.8,27.6,12.9,0.4386,0.4595
Allegheny,Pennsylvania,2023-04-01,22.6,57.7,241,19.8,19.8,0.0,12.1,18.5,4.3,0.503,0.5095
Worcester,Massachusetts,2023-06-27,13.2,30.6,169,6.4,6.4,0.0,19.9,22.8,17.9,0.2395,0.176
Hartford,Connecticut,2023-08-18,9.9,21.3,236,3.0,3.0,0.0,22.7,27.2,18.4,0.3874,0.3656
Hartford,Connecticut,2023-03-13,10.0,20.6,78,10.8,10.6,0.14,2.8,5.8,0.8,0.3899,0.3907
Middlesex,Massachusetts,2023-06-02,8.9,19.5,340,7.1,7.1,0.0,22.1,30.0,14.0,0.1955,0.2283
Providence,Rhode Island,2023-06-27,15.3,31.8,168,6.8,6.8,0.0,21.0,23.4,19.4,0.3641,0.2947
Bergen,New Jersey,2023-06-25,7.4,21.3,197,2.2,2.2,0.0,23.2,28.9,18.9,0.288,0.1777
Westchester,New York,2023-06-02,8.7,21.7,18,0.7,0.7,0.0,23.7,33.6,15.3,0.1607,0.2038
Montgomery,Pennsylvania,2023-06-06,14.9,35.3,301,0.4,0.4,0.0,20.4,27.0,12.2,0.12,0.1497
Bucks,Pennsylvania,2023-06-26,9.2,27.7,132,10.9,10.9,0.0,21.9,27.8,19.3,0.3268,0.246
Chester,Pennsylvania,2023-06-16,7.1,21.3,232,9.3,9.3,0.0,18.6,23.8,14.6,0.3533,0.275
Montgomery,Pennsylvania,2023-06-16,7.3,20.6,137,16.3,16.3,0.0,18.2,25.9,12.9,0.2654,0.1737
Chester,Pennsylvania,2023-06-26,9.3,30.2,169,19.1,19.1,0.0,22.0,28.2,19.2,0.424,0.3102
Montgomery,Pennsylvania,2023-06-26,10.1,27.1,136,14.3,14.3,0.0,22.2,28.0,19.9,0.377,0.2755
Erie,New York,2023-06-26,12.3,25.1,188,12.5,12.5,0.0,21.3,25.1,18.8,0.3817,0.3165
Allegheny,Pennsylvania,2023-06-26,11.0,26.4,201,24.1,24.1,0.0,21.0,24.8,18.3,0.4728,0.4493
Philadelphia,Pennsylvania,2023-04-01,19.1,40.0,230,17.6,17.6,0.0,15.7,19.6,10.4,0.3501,0.3226
Hillsborough,New Hampshire,2023-06-02,7.3,24.6,349,18.7,18.7,0.0,23.2,30.4,14.4,0.0928,0.0986
Cumberland,Maine,2023-06-02,9.4,22.6,48,14.3,14.3,0.0,19.6,28.4,13.4,0.2673,0.2815
Bucks,Pennsylvania,2023-04-01,14.8,37.4,235,18.9,18.9,0.0,14.8,20.4,9.9,0.3819,0.351
Montgomery,Pennsylvania,2023-04-01,14.9,37.1,232,14.3,14.3,0.0,15.1,21.2,9.2,0.3747,0.3478
Chester,Pennsylvania,2023-04-01,18.2,41.2,231,10.4,10.4,0.0,14.6,20.4,8.6,0.4315,0.4098
Worcester,Massachusetts,2023-08-18,9.3,21.0,277,16.7,16.7,0.0,19.6,25.3,16.2,0.2827,0.2622
Providence,Rhode Island,2023-07-04,7.2,18.1,132,26.8,26.8,0.0,22.3,26.2,20.4,0.3924,0.3469
Erie,New York,2023-07-20,10.8,27.3,203,12.3,12.3,0.0,21.8,27.5,17.4,0.3367,0.3321
Bucks,Pennsylvania,2023-07-10,8.9,21.3,319,0.0,0.0,0.0,23.1,28.7,19.8,0.3575,0.2994
Erie,New York,2023-07-31,9.4,22.6,283,6.4,6.4,0.0,19.0,21.8,16.5,0.3704,0.3489
Erie,New York,2023-07-26,12.4,24.2,212,0.1,0.1,0.0,24.5,29.1,19.5,0.315,0.3215
Suffolk,Massachusetts,2023-07-27,18.7,41.4,219,0.9,0.9,0.0,26.1,31.8,21.4,0.1737,0.242
Suffolk,Massachusetts,2023-07-25,11.4,22.6,218,13.5,13.5,0.0,22.9,29.1,18.8,0.2389,0.2655
Rockingham,New Hampshire,2023-07-16,12.0,27.1,181,33.5,33.5,0.0,22.4,22.9,21.6,0.415,0.3938
Worcester,Massachusetts,2023-07-25,7.7,17.9,233,4.6,4.6,0.0,21.6,27.2,18.0,0.1617,0.1732
Middlesex,Massachusetts,2023-07-25,9.6,21.7,214,11.7,11.7,0.0,22.2,28.2,18.5,0.2895,0.2868
Chester,Pennsylvania,2023-08-07,12.9,30.4,185,10.6,10.6,0.0,23.8,29.8,20.4,0.3933,0.3513
Montgomery,Pennsylvania,2023-08-07,12.5,30.9,184,20.6,20.6,0.0,24.2,30.2,20.2,0.3153,0.2518
Philadelphia,Pennsylvania,2023-08-07,15.4,30.6,190,12.1,12.1,0.0,25.4,31.0,21.8,0.2542,0.2156
Montgomery,Pennsylvania,2023-08-12,11.4,23.3,197,0.9,0.9,0.0,24.1,30.4,18.0,0.3343,0.3336
Bucks,Pennsylvania,2023-08-07,11.3,29.8,188,29.4,29.4,0.0,24.1,30.1,20.3,0.3158,0.2395
Rockingham,New Hampshire,2023-08-13,9.6,22.4,240,8.8,8.8,0.0,22.7,27.3,19.9,0.3073,0.2904
Hartford,Connecticut,2023-07-25,10.7,24.2,197,7.7,7.7,0.0,22.5,28.8,19.8,0.3289,0.3127
Worcester,Massachusetts,2023-07-27,14.5,41.4,227,10.7,10.7,0.0,23.4,28.4,19.9,0.1787,0.1611
Middlesex,Massachusetts,2023-07-13,12.5,29.3,195,0.4,0.4,0.0,25.0,30.4,19.0,0.2944,0.3153
Bucks,Pennsylvania,2023-08-12,11.9,30.9,199,15.5,15.5,0.0,23.2,30.0,17.0,0.3348,0.3203
Middlesex,New Jersey,2023-08-13,10.4,22.8,272,1.7,1.7,0.0,25.7,31.0,21.5,0.3314,0.3164
Bucks,Pennsylvania,2023-08-13,9.7,23.9,270,2.3,2.3,0.0,24.7,29.7,20.5,0.3435,0.3191
Monmouth,New Jersey,2023-08-10,9.7,19.7,235,12.7,12.7,0.0,21.7,24.4,19.5,0.248,0.2364
Chester,Pennsylvania,2023-08-12,9.2,22.8,204,2.0,2.0,0.0,24.5,30.1,18.4,0.4182,0.3876
Allegheny,Pennsylvania,2023-07-13,13.5,30.4,231,1.1,1.1,0.0,24.9,32.0,20.0,0.3759,0.3792
Suffolk,New York,2023-08-13,10.2,22.6,221,5.9,5.9,0.0,24.7,28.4,22.6,0.3168,0.2728
Bucks,Pennsylvania,2023-07-25,6.8,24.4,235,7.4,7.4,0.0,22.2,28.7,19.0,0.2702,0.2575
Westchester,New York,2023-07-03,7.3,18.6,237,18.1,18.1,0.0,23.7,28.7,21.0,0.3825,0.3038
Fairfield,Connecticut,2023-07-03,7.1,18.3,252,7.5,7.5,0.0,23.8,28.6,21.0,0.2728,0.2167
Montgomery,Pennsylvania,2023-07-25,7.4,24.2,231,15.2,15.2,0.0,22.2,27.4,18.9,0.3153,0.274
Chester,Pennsylvania,2023-07-25,6.2,18.3,219,8.3,8.3,0.0,22.1,27.4,19.2,0.4005,0.3624
Suffolk,Massachusetts,2023-12-18,28.0,56.4,167,53.7,53.7,0.0,13.1,15.8,7.6,0.4318,0.4273
Westchester,New York,2023-07-27,12.2,36.2,218,3.2,3.2,0.0,25.7,32.2,20.8,0.3225,0.2917
Fairfield,Connecticut,2023-08-12,8.3,21.7,169,10.2,10.2,0.0,20.6,26.4,15.4,0.2465,0.2295
New Haven,Connecticut,2023-08-12,8.7,19.7,166,3.9,3.9,0.0,20.8,26.8,15.1,0.3551,0.3394
Allegheny,Pennsylvania,2023-07-06,10.0,24.2,198,0.3,0.3,0.0,24.6,30.5,19.9,0.4134,0.4416
Fairfield,Connecticut,2023-07-13,11.7,28.2,182,0.0,0.0,0.0,25.2,30.3,20.0,0.1737,0.2038
Allegheny,Pennsylvania,2023-08-12,11.0,25.5,215,8.7,8.7,0.0,23.1,30.4,18.8,0.4604,0.4198
Allegheny,Pennsylvania,2023-08-25,11.3,22.4,254,6.3,6.3,0.0,23.6,29.0,20.2,0.4491,0.3963
Hartford,Connecticut,2023-09-13,7.2,18.3,187,10.7,10.7,0.0,20.2,22.7,18.5,0.3628,0.3029
Montgomery,Pennsylvania,2023-07-14,12.0,26.4,174,11.8,11.8,0.0,25.8,33.2,22.9,0.2772,0.2713
Bucks,Pennsylvania,2023-07-29,12.8,29.3,260,2.0,2.0,0.0,27.1,33.5,23.3,0.2493,0.2511
Chester,Pennsylvania,2023-07-29,15.0,31.1,258,1.2,1.2,0.0,26.3,33.4,22.6,0.3802,0.3706
Bucks,Pennsylvania,2023-07-15,11.8,25.5,144,7.1,7.1,0.0,24.8,31.2,20.3,0.3253,0.2704
Middlesex,New Jersey,2023-07-15,7.8,23.5,146,7.2,7.2,0.0,25.0,29.4,20.9,0.3572,0.3035
Hillsborough,New Hampshire,2023-07-21,9.7,23.0,178,6.4,6.4,0.0,19.3,23.1,17.4,0.2213,0.2247
Philadelphia,Pennsylvania,2023-07-16,9.5,23.9,190,14.6,14.6,0.0,24.5,27.8,22.5,0.3407,0.2474
Ocean,New Jersey,2023-07-21,8.1,18.8,190,2.1,2.1,0.0,24.0,28.2,20.4,0.3215,0.2683
Chester,Pennsylvania,2023-07-21,8.4,19.7,263,1.8,1.8,0.0,24.1,28.6,19.9,0.4229,0.375
Bucks,Pennsylvania,2023-07-21,7.8,19.7,248,2.3,2.3,0.0,24.1,28.9,20.5,0.3245,0.2836
Montgomery,Pennsylvania,2023-07-21,8.3,19.2,261,1.8,1.8,0.0,24.4,29.1,20.4,0.3228,0.2791
Androscoggin,Maine,2023-07-25,6.5,19.7,215,5.8,5.8,0.0,22.0,28.5,18.8,0.2274,0.2285
Chester,Pennsylvania,2023-07-02,8.7,22.8,205,16.0,16.0,0.0,24.6,30.6,20.5,0.4183,0.396
Chester,Pennsylvania,2023-07-27,11.9,29.3,213,2.9,2.9,0.0,26.1,33.2,22.3,0.4158,0.3805
Monmouth,New Jersey,2023-07-04,6.7,20.6,277,36.6,36.6,0.0,24.6,30.6,20.7,0.2903,0.2509
Ocean,New Jersey,2023-07-04,10.4,23.9,267,15.4,15.4,0.0,25.7,30.6,22.6,0.3136,0.2433
Chester,Pennsylvania,2023-07-28,8.4,19.9,266,1.8,1.8,0.0,27.1,33.3,22.0,0.3937,0.375
Hillsborough,New Hampshire,2023-07-27,14.9,35.1,228,8.2,8.2,0.0,23.6,28.0,21.0,0.1918,0.1922
Middlesex,New Jersey,2023-07-29,12.7,29.8,260,2.2,2.2,0.0,27.8,34.5,24.2,0.2885,0.3077
Monmouth,New Jersey,2023-07-29,14.7,31.5,256,11.7,11.7,0.0,27.4,34.3,23.5,0.1815,0.1967
Monmouth,New Jersey,2023-09-08,6.7,23.7,165,11.8,11.8,0.0,25.5,34.0,20.4,0.1165,0.1404
Rockingham,New Hampshire,2023-09-08,9.5,21.7,217,5.4,5.4,0.0,22.1,26.1,20.0,0.2505,0.2479
Hillsborough,New Hampshire,2023-09-08,8.1,25.7,207,20.9,20.9,0.0,21.7,27.0,19.2,0.2049,0.1819
York,Maine,2023-09-08,11.5,38.0,220,11.2,11.2,0.0,22.5,26.8,19.5,0.2861,0.2722
Cumberland,Maine,2023-09-08,15.0,30.9,216,6.6,6.6,0.0,23.0,26.3,19.9,0.2769,0.2841
Ocean,New Jersey,2023-09-09,6.9,16.6,170,1.7,1.7,0.0,24.7,31.8,20.8,0.2288,0.1654
Bergen,New Jersey,2023-09-08,7.0,21.0,139,13.8,13.8,0.0,24.3,31.4,20.6,0.2335,0.2175
Chittenden,Vermont,2023-09-07,10.1,25.1,166,2.3,2.3,0.0,23.6,29.5,20.7,0.2101,0.2186
Essex,New Jersey,2023-09-08,6.9,24.8,159,19.0,19.0,0.0,23.5,31.8,19.6,0.1904,0.1761
Fairfield,Connecticut,2023-09-08,7.9,22.6,172,32.6,32.6,0.0,22.9,29.4,19.8,0.1712,0.1405
Bucks,Pennsylvania,2023-09-08,7.4,20.1,131,30.1,30.1,0.0,23.8,31.4,20.5,0.3358,0.2437
Chester,Pennsylvania,2023-09-08,11.1,25.7,129,11.1,11.1,0.0,24.9,32.8,20.3,0.2957,0.2982
Philadelphia,Pennsylvania,2023-09-08,8.6,20.4,94,10.7,10.7,0.0,25.3,34.2,20.9,0.2435,0.1949
Androscoggin,Maine,2023-12-03,11.1,21.0,46,4.5,1.5,2.1,1.1,2.2,0.1,0.267,0.2737
Kennebec,Maine,2023-12-03,10.0,20.4,47,2.9,1.3,1.12,1.3,3.0,-0.2,0.3809,0.384
Kennebec,Maine,2023-12-18,26.3,65.8,153,49.7,49.7,0.0,11.1,13.0,5.8,0.4322,0.4196
Androscoggin,Maine,2023-12-18,25.3,55.0,156,95.2,95.2,0.0,10.2,12.9,4.6,0.3621,0.3414
Penobscot,Maine,2023-08-13,6.9,20.4,170,16.9,16.9,0.0,19.5,24.4,15.6,0.285,0.2706
York,Maine,2023-08-13,9.0,18.6,237,2.3,2.3,0.0,22.4,27.2,19.4,0.3085,0.3252
Androscoggin,Maine,2023-08-13,5.9,20.4,194,13.8,13.8,0.0,20.4,24.8,17.4,0.2529,0.2478
Kennebec,Maine,2023-08-13,9.6,22.1,182,14.2,14.2,0.0,20.4,24.8,17.1,0.3746,0.3671
Hartford,Connecticut,2024-02-13,13.2,29.3,355,13.5,0.3,9.24,0.1,2.7,-3.0,0.3465,0.354
Hartford,Connecticut,2024-01-06,9.6,18.6,95,2.6,0.0,1.82,-1.1,2.5,-4.5,0.3612,0.3705
Worcester,Massachusetts,2024-07-17,11.2,25.7,243,6.4,6.4,0.0,24.5,30.9,20.0,0.1437,0.1327
Middlesex,Massachusetts,2024-07-17,11.9,25.5,235,7.0,7.0,0.0,26.4,33.2,21.2,0.2178,0.2199
Hartford,Connecticut,2024-07-16,13.9,32.4,211,1.8,1.8,0.0,27.4,33.8,21.9,0.2432,0.2324
Philadelphia,Pennsylvania,2024-01-19,9.0,17.7,11,6.5,0.0,4.55,-2.5,-0.9,-4.8,0.3784,0.3826
Allegheny,Pennsylvania,2024-11-20,16.3,42.7,235,16.1,16.1,0.0,12.5,18.0,4.8,0.4028,0.3135
Androscoggin,Maine,2024-01-07,11.0,24.4,22,15.6,0.0,10.92,-7.7,-6.8,-9.1,0.2467,0.2511
Kennebec,Maine,2024-01-07,11.3,26.4,17,13.2,0.1,9.17,-7.5,-6.5,-8.9,0.3666,0.3698
Chittenden,Vermont,2024-06-20,11.4,27.1,232,7.2,7.2,0.0,25.2,31.8,21.0,0.1884,0.1719
Suffolk,New York,2024-08-06,12.2,24.6,236,31.7,31.7,0.0,24.6,27.5,21.5,0.3742,0.3231
Chittenden,Vermont,2024-06-23,13.8,35.1,173,23.4,23.4,0.0,20.9,25.9,16.5,0.2764,0.2108
Fairfield,Connecticut,2024-08-03,8.5,23.3,247,4.5,4.5,0.0,25.6,32.3,21.7,0.2175,0.1834
New Haven,Connecticut,2024-08-03,9.8,21.9,228,4.5,4.5,0.0,26.0,32.3,21.9,0.3263,0.293
Philadelphia,Pennsylvania,2024-03-10,21.4,41.8,285,2.1,2.1,0.0,6.6,9.3,2.0,0.4144,0.418
Erie,New York,2024-08-17,11.8,22.6,199,8.5,8.5,0.0,22.1,25.8,20.3,0.3498,0.3577
Middlesex,Massachusetts,2024-08-15,6.3,17.0,279,1.2,1.2,0.0,20.8,27.5,16.6,0.2317,0.2455
Essex,Massachusetts,2024-08-15,4.3,15.0,273,5.9,5.9,0.0,20.8,26.1,16.1,0.2965,0.2989
Penobscot,Maine,2024-07-09,10.4,24.6,210,0.5,0.5,0.0,25.0,31.1,19.9,0.1875,0.1953
Penobscot,Maine,2024-07-13,9.3,21.9,245,6.6,6.6,0.0,23.2,29.0,19.6,0.2788,0.2797
Providence,Rhode Island,2024-08-02,9.0,20.4,226,3.0,3.0,0.0,26.3,31.3,21.6,0.2752,0.2433
Allegheny,Pennsylvania,2024-01-12,18.8,41.4,123,4.8,4.3,0.35,1.9,6.2,-3.0,0.4776,0.4786
Allegheny,Pennsylvania,2024-01-18,10.8,23.0,222,0.6,0.0,0.42,-4.4,-1.2,-8.0,0.4656,0.4684
Hartford,Connecticut,2024-08-02,5.9,18.8,227,13.0,13.0,0.0,25.0,32.9,20.3,0.3119,0.242
Androscoggin,Maine,2024-03-23,15.4,33.1,31,51.4,12.8,27.02,-4.3,-3.2,-5.7,0.2561,0.2559
Kennebec,Maine,2024-03-23,17.1,36.5,35,46.0,18.6,19.18,-3.9,-1.9,-5.3,0.3834,0.3818
Allegheny,Pennsylvania,2024-06-17,7.7,15.9,192,0.5,0.5,0.0,25.9,34.3,18.5,0.3203,0.3378
Allegheny,Pennsylvania,2024-06-18,5.9,15.4,130,3.1,3.1,0.0,25.4,30.2,20.7,0.3377,0.3401
Rockingham,New Hampshire,2024-08-15,6.2,16.6,307,4.3,4.3,0.0,20.2,25.5,16.2,0.2572,0.2635
Middlesex,New Jersey,2024-02-17,14.5,31.8,301,6.4,0.0,4.48,-0.5,2.8,-4.2,0.3851,0.3883
Hillsborough,New Hampshire,2024-08-15,7.6,19.5,296,7.6,7.6,0.0,19.9,26.8,15.6,0.1702,0.1746
Allegheny,Pennsylvania,2024-02-16,12.0,25.5,292,4.7,0.0,3.29,0.0,3.3,-2.4,0.458,0.4489
Allegheny,Pennsylvania,2024-06-23,17.4,38.3,234,3.9,3.9,0.0,25.7,30.1,21.9,0.3248,0.3408
Suffolk,Massachusetts,2024-02-28,20.4,35.8,194,10.8,10.8,0.0,11.7,15.2,9.6,0.3775,0.3443
Hillsborough,New Hampshire,2024-08-05,9.2,20.6,259,1.5,1.5,0.0,24.5,29.9,20.1,0.1878,0.1497
Chester,Pennsylvania,2024-06-14,13.6,30.4,239,0.2,0.2,0.0,24.0,31.3,18.8,0.2954,0.3094
Montgomery,Pennsylvania,2024-06-14,12.1,25.7,223,9.5,9.5,0.0,23.9,31.5,19.5,0.1977,0.2048
Philadelphia,Pennsylvania,2024-06-14,11.4,28.0,228,11.0,11.0,0.0,24.5,32.7,20.1,0.1547,0.1787
Bucks,Pennsylvania,2024-06-14,13.6,35.3,238,7.0,7.0,0.0,23.8,31.6,19.0,0.2016,0.207
Allegheny,Pennsylvania,2024-05-17,9.0,21.3,173,15.2,15.2,0.0,16.8,20.4,14.2,0.4842,0.4705
Montgomery,Pennsylvania,2024-06-26,9.4,35.1,242,0.1,0.1,0.0,28.2,35.9,22.9,0.166,0.1805
Chester,Pennsylvania,2024-06-30,11.1,24.6,230,8.1,8.1,0.0,26.0,33.8,22.0,0.3445,0.2928
Monmouth,New Jersey,2024-06-26,11.4,28.6,233,0.4,0.4,0.0,28.9,37.2,23.4,0.083,0.1337
Ocean,New Jersey,2024-06-26,13.2,26.8,217,0.5,0.5,0.0,28.1,35.4,23.5,0.163,0.1867
Middlesex,New Jersey,2024-06-22,9.2,17.9,206,3.0,3.0,0.0,28.5,37.5,22.9,0.1612,0.2145
Monmouth,New Jersey,2024-06-22,10.5,24.4,212,0.9,0.9,0.0,28.6,36.9,23.5,0.0927,0.133
Philadelphia,Pennsylvania,2024-06-23,17.0,33.8,217,0.1,0.1,0.0,29.8,35.5,24.8,0.1777,0.159
Bucks,Pennsylvania,2024-06-23,13.6,32.9,219,0.0,0.0,0.0,29.2,35.0,24.1,0.1719,0.1957
Hartford,Connecticut,2024-06-21,6.0,15.0,159,14.4,14.4,0.0,25.0,32.2,20.5,0.2679,0.2449
Worcester,Massachusetts,2024-06-20,10.8,25.1,263,1.1,1.1,0.0,25.7,32.7,20.0,0.1107,0.1146
Essex,Massachusetts,2024-06-20,11.0,25.3,254,5.8,5.8,0.0,28.3,36.5,22.2,0.2354,0.2465
Middlesex,Massachusetts,2024-06-20,7.9,22.8,244,5.0,5.0,0.0,27.2,35.5,21.6,0.2017,0.2186
Westchester,New York,2024-05-23,7.5,16.8,241,10.0,10.0,0.0,21.1,25.5,18.3,0.2954,0.2466
Montgomery,Pennsylvania,2024-06-30,10.6,29.5,232,19.4,19.4,0.0,26.1,34.5,22.6,0.2573,0.1817
Ocean,New Jersey,2024-06-30,12.4,26.2,223,12.1,12.1,0.0,26.4,30.5,23.6,0.2287,0.1869
Erie,New York,2024-05-22,16.6,32.7,196,1.7,1.7,0.0,23.1,28.6,20.0,0.3405,0.3542
Essex,New Jersey,2024-05-23,7.3,17.7,245,0.8,0.8,0.0,21.5,26.1,18.1,0.2232,0.2486
Bergen,New Jersey,2024-05-23,6.8,17.0,250,1.1,1.1,0.0,22.1,27.0,19.0,0.266,0.2871
Chester,Pennsylvania,2024-06-23,13.7,32.4,222,0.1,0.1,0.0,29.4,34.7,25.0,0.2734,0.2936
Ocean,New Jersey,2024-06-23,15.9,32.4,215,1.6,1.6,0.0,28.9,36.2,23.5,0.2203,0.1907
Monmouth,New Jersey,2024-05-23,7.8,16.8,232,5.9,5.9,0.0,22.1,26.2,18.8,0.2125,0.2005
Westchester,New York,2024-04-29,10.6,22.8,349,4.4,4.4,0.0,18.9,27.0,12.9,0.2786,0.2938
Worcester,Massachusetts,2024-06-19,10.3,22.6,237,0.2,0.2,0.0,26.0,33.5,19.4,0.1079,0.113
Hartford,Connecticut,2024-06-23,15.2,32.7,186,0.8,0.8,0.0,25.1,31.5,20.5,0.3632,0.2992
Middlesex,Massachusetts,2024-06-26,12.2,29.5,228,4.2,4.2,0.0,25.5,31.1,20.6,0.2305,0.2285
New Haven,Connecticut,2024-06-22,6.7,18.6,157,5.1,5.1,0.0,24.0,29.8,19.9,0.3433,0.2508
Fairfield,Connecticut,2024-06-22,6.1,17.0,180,6.0,6.0,0.0,24.8,34.4,19.3,0.1031,0.098
Suffolk,Massachusetts,2024-06-14,12.0,25.3,223,10.4,10.4,0.0,22.4,28.9,18.4,0.2118,0.2456
Hillsborough,New Hampshire,2024-05-21,6.2,16.8,223,0.7,0.7,0.0,19.7,29.1,11.3,0.1849,0.1925
Providence,Rhode Island,2024-06-26,13.5,28.2,225,7.6,7.6,0.0,25.5,31.0,21.0,0.262,0.2798
Hartford,Connecticut,2024-06-26,11.0,24.4,216,1.4,1.4,0.0,25.6,32.7,20.6,0.2803,0.288
Westchester,New York,2024-06-21,9.9,23.0,201,8.4,8.4,0.0,25.4,34.7,20.7,0.2387,0.2167
Fairfield,Connecticut,2024-06-23,13.0,31.5,194,0.5,0.5,0.0,26.0,34.0,20.4,0.119,0.1003
New Haven,Connecticut,2024-06-23,14.7,31.1,195,0.0,0.0,0.0,25.2,31.5,20.4,0.3064,0.2553
New Haven,Connecticut,2024-06-30,14.8,29.8,228,24.9,24.9,0.0,24.5,29.9,20.6,0.3402,0.2645
Bergen,New Jersey,2024-06-30,12.0,24.8,239,11.7,11.7,0.0,25.8,33.2,20.0,0.2421,0.2118
Penobscot,Maine,2024-05-23,14.0,30.6,202,5.9,5.9,0.0,19.9,27.6,15.1,0.198,0.1797
Fairfield,Connecticut,2024-05-23,9.1,20.4,253,4.4,4.4,0.0,20.9,25.6,17.6,0.1551,0.161
Bergen,New Jersey,2024-06-14,7.7,15.9,208,14.8,14.8,0.0,22.3,28.9,18.6,0.2413,0.2256
Westchester,New York,2024-06-14,8.4,16.8,197,10.6,10.6,0.0,21.8,27.6,18.0,0.2489,0.2265
Hartford,Connecticut,2024-06-30,11.7,25.3,214,27.7,27.7,0.0,24.8,30.9,19.5,0.3462,0.2964
Westchester,New York,2024-06-23,13.6,32.0,203,0.1,0.1,0.0,26.8,33.6,21.0,0.3073,0.2532
Fairfield,Connecticut,2024-06-30,11.0,29.5,235,6.0,6.0,0.0,24.9,32.7,20.0,0.1592,0.1015
Bucks,Pennsylvania,2024-07-16,11.4,29.8,229,3.7,3.7,0.0,27.5,34.5,22.0,0.3246,0.3288
Chester,Pennsylvania,2024-07-16,12.1,33.3,233,6.8,6.8,0.0,28.6,35.3,22.9,0.337,0.2955
Montgomery,Pennsylvania,2024-07-16,12.4,30.2,230,7.0,7.0,0.0,28.0,34.8,22.3,0.3137,0.3023
Philadelphia,Pennsylvania,2024-07-16,12.5,28.9,225,3.1,3.1,0.0,29.0,35.0,23.4,0.2306,0.1888
Middlesex,New Jersey,2024-07-16,17.9,35.6,229,8.5,8.5,0.0,28.7,34.8,23.5,0.2956,0.2945
Monmouth,New Jersey,2024-07-16,11.2,25.3,236,7.2,7.2,0.0,29.1,35.7,24.1,0.165,0.1331
Chester,Pennsylvania,2024-07-17,14.6,34.2,274,18.3,18.3,0.0,26.3,34.4,22.8,0.3774,0.2991
Kennebec,Maine,2024-07-13,8.4,20.6,222,1.4,1.4,0.0,24.5,29.3,21.4,0.2751,0.2575
York,Maine,2024-07-13,7.9,19.0,239,7.0,7.0,0.0,25.7,30.5,21.9,0.2087,0.2054
Montgomery,Pennsylvania,2024-07-17,12.6,27.5,275,29.3,29.3,0.0,26.2,35.2,23.1,0.3443,0.298
Westchester,New York,2024-07-15,9.5,26.2,194,5.3,5.3,0.0,26.5,32.1,22.0,0.2803,0.2198
Westchester,New York,2024-07-17,9.0,24.8,199,16.9,16.9,0.0,25.4,31.6,21.5,0.2651,0.2148
Essex,New Jersey,2024-07-17,13.5,29.1,236,25.2,25.2,0.0,25.6,32.6,21.1,0.3008,0.2794
Erie,New York,2024-07-10,9.2,28.2,140,25.3,25.3,0.0,23.1,25.5,21.1,0.3657,0.3268
Nassau,New York,2024-07-06,9.4,19.7,188,0.2,0.2,0.0,25.0,29.1,22.2,0.3064,0.2899
Worcester,Massachusetts,2024-07-16,13.7,32.2,241,0.6,0.6,0.0,25.8,32.2,21.1,0.1444,0.1367
Fairfield,Connecticut,2024-07-15,8.6,24.6,211,2.4,2.4,0.0,26.1,31.7,22.0,0.176,0.1428
Essex,Massachusetts,2024-07-16,11.2,27.5,238,0.0,0.0,0.0,28.9,35.5,23.5,0.2059,0.207
Nassau,New York,2024-07-16,11.2,25.3,221,6.0,6.0,0.0,27.2,31.5,23.0,0.3314,0.3388
Kennebec,Maine,2024-07-09,11.8,26.2,201,0.3,0.3,0.0,24.4,30.5,18.8,0.272,0.2754
Erie,New York,2024-07-15,14.7,34.9,235,10.6,10.6,0.0,23.1,27.7,20.8,0.3526,0.3383
Fairfield,Connecticut,2024-07-17,10.7,25.3,218,11.2,11.2,0.0,25.2,31.0,20.9,0.1742,0.1367
Chittenden,Vermont,2024-07-30,8.3,26.4,175,3.0,3.0,0.0,23.3,29.6,18.4,0.1756,0.1624
New Haven,Connecticut,2024-07-17,10.1,23.3,214,8.0,8.0,0.0,25.6,29.9,21.3,0.2738,0.2797
Hillsborough,New Hampshire,2024-07-16,13.0,30.9,239,0.0,0.0,0.0,27.2,33.2,22.3,0.1217,0.096
Middlesex,New Jersey,2024-07-14,8.4,18.6,241,2.0,2.0,0.0,26.7,31.4,21.6,0.3267,0.3093
Monmouth,New Jersey,2024-07-14,6.7,18.3,241,3.7,3.7,0.0,26.9,31.4,22.0,0.2074,0.1367
Rockingham,New Hampshire,2024-07-16,11.4,27.3,234,5.0,5.0,0.0,27.6,34.2,22.8,0.2263,0.1961
Ocean,New Jersey,2024-07-14,7.6,21.0,238,5.9,5.9,0.0,26.8,31.8,22.6,0.2907,0.1839
Chittenden,Vermont,2024-07-10,7.3,17.0,147,11.9,11.9,0.0,24.1,27.1,21.2,0.1627,0.1521
York,Maine,2024-07-16,11.9,28.4,237,1.3,1.3,0.0,27.8,34.5,22.6,0.1784,0.194
Cumberland,Maine,2024-07-16,12.2,25.9,221,2.2,2.2,0.0,27.2,34.5,22.5,0.2345,0.2386
Androscoggin,Maine,2024-07-17,11.4,27.7,245,3.3,3.3,0.0,24.9,31.5,20.4,0.2368,0.1794
Montgomery,Pennsylvania,2024-07-14,10.7,24.8,222,2.7,2.7,0.0,26.2,31.7,21.9,0.3421,0.3176
Chester,Pennsylvania,2024-07-14,7.4,25.7,210,1.3,1.3,0.0,26.9,33.3,22.4,0.3637,0.2939
Rockingham,New Hampshire,2024-07-17,13.8,28.2,241,3.9,3.9,0.0,26.4,33.0,21.1,0.232,0.197
Philadelphia,Pennsylvania,2024-07-14,9.5,22.8,228,6.2,6.2,0.0,27.1,32.5,22.9,0.2838,0.1872
Middlesex,New Jersey,2024-07-17,15.3,31.8,244,22.4,22.4,0.0,27.0,34.4,23.8,0.3213,0.288
Erie,New York,2024-07-22,6.0,17.7,240,3.6,3.6,0.0,22.7,27.2,18.1,0.3117,0.3305
Androscoggin,Maine,2024-04-03,13.3,29.1,76,4.6,0.3,3.01,1.3,4.2,-2.2,0.2416,0.2525
Allegheny,Pennsylvania,2024-04-17,15.1,32.4,191,6.4,6.4,0.0,17.4,25.0,13.1,0.4598,0.4658
Penobscot,Maine,2024-06-20,11.5,28.2,260,2.2,2.2,0.0,28.0,34.1,24.1,0.1672,0.1819
Rockingham,New Hampshire,2024-06-05,8.6,21.0,223,9.6,9.6,0.0,20.7,29.5,14.0,0.2378,0.231
Kennebec,Maine,2024-04-03,11.7,26.8,77,1.2,0.2,0.7,1.9,6.1,-2.1,0.3544,0.3683
Hillsborough,New Hampshire,2024-06-20,10.2,25.1,274,4.8,4.8,0.0,27.0,34.9,22.5,0.1375,0.1176
Cumberland,Maine,2024-06-20,12.2,30.9,266,9.8,9.8,0.0,27.8,36.2,22.6,0.2648,0.2665
York,Maine,2024-06-20,15.6,32.4,274,9.1,9.1,0.0,27.6,35.6,21.8,0.2203,0.2065
Cumberland,Maine,2024-06-30,11.8,27.5,229,2.5,2.5,0.0,25.1,31.3,18.8,0.3653,0.3192
Androscoggin,Maine,2024-06-30,12.6,32.0,232,1.5,1.5,0.0,23.6,29.8,17.5,0.2731,0.264
Kennebec,Maine,2024-06-30,13.8,32.9,225,7.2,7.2,0.0,23.3,30.0,16.9,0.3941,0.3684
Penobscot,Maine,2024-06-05,6.6,16.3,222,12.1,12.1,0.0,19.3,28.0,12.9,0.194,0.1882
Rockingham,New Hampshire,2024-06-23,14.0,28.9,193,9.3,9.3,0.0,21.1,30.0,16.0,0.2877,0.2178
Androscoggin,Maine,2024-06-23,10.4,21.3,182,8.4,8.4,0.0,17.6,21.4,14.4,0.2804,0.2571
Cumberland,Maine,2024-06-23,11.6,28.2,170,10.1,10.1,0.0,18.9,23.5,15.2,0.3812,0.3109
Hillsborough,New Hampshire,2024-06-30,12.8,28.2,243,2.0,2.0,0.0,24.8,31.1,21.0,0.1635,0.1285
Penobscot,Maine,2024-06-30,13.5,30.9,219,6.0,6.0,0.0,22.0,29.8,15.1,0.2809,0.2628
Cumberland,Maine,2024-06-05,6.8,18.3,207,1.3,1.3,0.0,20.4,27.9,12.9,0.2348,0.2675
Hillsborough,New Hampshire,2024-06-23,13.5,31.8,197,9.6,9.6,0.0,20.9,29.6,14.9,0.2415,0.154
Suffolk,Massachusetts,2024-04-04,31.9,61.5,40,32.2,27.2,3.5,2.3,2.9,1.0,0.4338,0.4322
Middlesex,New Jersey,2024-06-14,9.9,30.6,211,15.4,15.4,0.0,23.6,30.8,19.8,0.2659,0.2717
Penobscot,Maine,2024-07-05,6.8,18.8,172,2.1,2.1,0.0,21.3,26.8,16.4,0.179,0.1995
Monmouth,New Jersey,2024-06-14,9.2,21.0,198,26.7,26.7,0.0,23.4,32.0,19.2,0.1753,0.17
Ocean,New Jersey,2024-06-14,12.9,25.3,197,26.2,26.2,0.0,23.8,31.5,19.8,0.2242,0.2117
Essex,New Jersey,2024-06-26,17.1,36.0,240,2.2,2.2,0.0,26.9,34.5,21.7,0.152,0.1847
Fairfield,Connecticut,2024-06-26,10.4,24.6,233,1.7,1.7,0.0,26.2,34.5,21.2,0.1,0.0969
New Haven,Connecticut,2024-06-26,12.3,27.1,219,0.6,0.6,0.0,25.7,32.5,21.3,0.2342,0.246
Erie,New York,2024-09-09,17.2,35.8,235,2.5,2.5,0.0,16.0,18.8,14.1,0.3904,0.395
Nassau,New York,2024-06-26,11.0,23.9,208,0.1,0.1,0.0,25.0,29.5,21.8,0.2412,0.2903
Westchester,New York,2024-06-26,8.6,23.7,232,2.0,2.0,0.0,26.0,34.0,21.0,0.2254,0.2365
Bergen,New Jersey,2024-06-22,9.2,25.1,169,0.4,0.4,0.0,26.7,35.8,21.1,0.1915,0.2258
Suffolk,New York,2024-06-26,14.6,31.1,219,0.2,0.2,0.0,25.1,28.7,22.6,0.1562,0.2115
Bergen,New Jersey,2024-06-26,8.6,23.3,236,1.8,1.8,0.0,27.7,35.5,22.2,0.1675,0.2191
Bergen,New Jersey,2024-09-07,10.5,25.5,180,8.3,8.3,0.0,18.8,24.1,14.6,0.2624,0.249
Allegheny,Pennsylvania,2024-08-30,12.1,21.0,158,5.6,5.6,0.0,24.8,31.5,20.1,0.3774,0.3486
Allegheny,Pennsylvania,2024-08-06,5.9,24.4,229,16.9,16.9,0.0,24.1,31.5,20.2,0.4412,0.4461
Montgomery,Pennsylvania,2024-08-09,20.5,50.1,164,14.9,14.9,0.0,24.2,27.9,21.7,0.409,0.3457
Allegheny,Pennsylvania,2024-10-06,12.1,24.6,200,22.5,22.5,0.0,17.7,26.4,10.4,0.4406,0.4436
Allegheny,Pennsylvania,2024-08-17,12.4,25.9,196,11.0,11.0,0.0,22.9,27.4,19.6,0.4553,0.3955
Allegheny,Pennsylvania,2024-08-29,4.6,13.9,71,20.8,20.8,0.0,24.5,31.5,20.4,0.3505,0.347
Chester,Pennsylvania,2024-08-03,10.0,24.2,215,35.9,35.9,0.0,25.3,31.1,22.2,0.4796,0.3508
Monmouth,New Jersey,2024-08-06,8.8,23.3,237,48.6,48.6,0.0,26.0,32.8,21.8,0.2526,0.2164
Philadelphia,Pennsylvania,2024-08-18,8.9,21.5,151,31.1,31.1,0.0,22.9,28.9,20.8,0.365,0.2951
Worcester,Massachusetts,2024-08-15,7.2,20.1,288,4.8,4.8,0.0,19.9,27.4,16.8,0.1814,0.1886
Middlesex,New Jersey,2024-08-28,9.1,18.3,258,0.4,0.4,0.0,27.1,34.3,21.7,0.2215,0.26
Chester,Pennsylvania,2024-08-02,9.4,26.6,194,16.3,16.3,0.0,26.7,33.8,22.5,0.3513,0.2983
Erie,New York,2024-08-05,13.6,30.0,227,11.6,11.6,0.0,22.7,25.9,20.3,0.3444,0.3206
Monmouth,New Jersey,2024-08-02,13.0,29.1,203,9.4,9.4,0.0,27.9,36.0,23.6,0.1322,0.1036
Rockingham,New Hampshire,2024-08-04,7.6,18.3,245,21.5,21.5,0.0,24.0,27.1,21.2,0.3495,0.2434
Hillsborough,New Hampshire,2024-08-04,8.1,17.2,256,4.6,4.6,0.0,23.9,26.7,21.6,0.213,0.1496
Monmouth,New Jersey,2024-08-03,7.5,26.6,241,11.6,11.6,0.0,26.5,34.2,22.5,0.2231,0.1167
Ocean,New Jersey,2024-08-03,11.3,25.1,230,11.2,11.2,0.0,27.0,33.4,23.1,0.329,0.1819
Westchester,New York,2024-08-06,9.1,19.7,220,27.3,27.3,0.0,24.4,31.8,20.6,0.3244,0.2369
Westchester,New York,2024-08-03,7.8,23.0,232,6.5,6.5,0.0,25.5,32.5,21.6,0.2663,0.2015
Essex,New Jersey,2024-08-18,9.7,23.0,146,25.0,25.0,0.0,21.5,24.7,19.6,0.3443,0.2504
Suffolk,New York,2024-12-31,15.9,30.4,188,0.5,0.5,0.0,7.5,10.8,3.8,0.3798,0.3921
Allegheny,Pennsylvania,2024-05-25,12.0,25.5,196,3.0,3.0,0.0,20.4,26.6,16.4,0.441,0.4386
Allegheny,Pennsylvania,2024-06-26,12.7,27.7,240,11.2,11.2,0.0,23.5,30.3,20.3,0.4142,0.378
Allegheny,Pennsylvania,2024-05-08,14.2,29.8,264,3.1,3.1,0.0,21.0,26.0,16.4,0.4625,0.4563
Allegheny,Pennsylvania,2024-05-26,11.6,23.3,157,3.5,3.5,0.0,21.0,27.1,15.4,0.4667,0.4446
