county,state,storm_tier,peak_severity,start_time,end_time,duration_hrs,max_wind_mph,max_precip_pct,primary_trigger,hours_ahead
Ocean,New Jersey,MODERATE,3,2026-09-25 16:00:00+00:00,2026-09-28 05:00:00+00:00,61.0,25.0,86,Wind 25.0mph,2.6
Suffolk,Massachusetts,MODERATE,3,2026-09-25 17:00:00+00:00,2026-09-29 01:00:00+00:00,80.0,31.0,95,Wind 25.0mph,3.6
Suffolk,New York,MODERATE,3,2026-09-25 21:00:00+00:00,2026-09-28 17:00:00+00:00,68.0,32.0,94,Precip 65%,7.6
Monmouth,New Jersey,MODERATE,3,2026-09-26 00:00:00+00:00,2026-09-28 05:00:00+00:00,53.0,25.0,87,Wind 25.0mph,10.6
Providence,Rhode Island,MINOR,3,2026-09-26 00:00:00+00:00,2026-09-28 23:00:00+00:00,71.0,28.0,93,Wind 25.0mph,10.6
Essex,Massachusetts,MODERATE,3,2026-09-26 03:00:00+00:00,2026-09-29 02:00:00+00:00,71.0,26.0,94,Wind 25.0mph,13.6
Nassau,New York,MODERATE,3,2026-09-26 03:00:00+00:00,2026-09-28 11:00:00+00:00,56.0,26.0,94,Precip 65%,13.6
New Haven,Connecticut,MODERATE,3,2026-09-26 03:00:00+00:00,2026-09-28 17:00:00+00:00,62.0,26.0,90,Precip 65%,13.6
Bergen,New Jersey,MINOR,3,2026-09-26 09:00:00+00:00,2026-09-28 11:00:00+00:00,50.0,20.0,88,Precip 60%,19.6
Fairfield,Connecticut,MODERATE,3,2026-09-26 09:00:00+00:00,2026-09-26 11:00:00+00:00,2.0,23.0,74,Heavy precip 74% + wind,19.6
Middlesex,New Jersey,MINOR,3,2026-09-26 11:00:00+00:00,2026-09-28 05:00:00+00:00,42.0,20.0,83,Precip 61%,21.6
Essex,New Jersey,MODERATE,3,2026-09-26 12:00:00+00:00,2026-09-28 05:00:00+00:00,41.0,23.0,85,Heavy precip 74% + wind,22.6
Bucks,PA,MODERATE,3,2026-09-26 15:00:00+00:00,2026-09-26 23:00:00+00:00,8.0,20.0,80,Precip 60%,25.6
Chester,PA,MINOR,3,2026-09-26 15:00:00+00:00,2026-09-26 23:00:00+00:00,8.0,20.0,84,Precip 60%,25.6
Fairfield,Connecticut,MODERATE,3,2026-09-26 15:00:00+00:00,2026-09-28 17:00:00+00:00,50.0,25.0,89,Heavy precip 74% + wind,25.6
Middlesex,Massachusetts,MINOR,3,2026-09-26 15:00:00+00:00,2026-09-29 00:00:00+00:00,57.0,22.0,92,Precip 68%,25.6
Montgomery,PA,MODERATE,3,2026-09-26 15:00:00+00:00,2026-09-26 22:00:00+00:00,7.0,20.0,83,Precip 60%,25.6
Philadelphia,PA,MINOR,3,2026-09-26 15:00:00+00:00,2026-09-27 23:00:00+00:00,32.0,20.0,85,Precip 64%,25.6
Westchester,New York,MINOR,3,2026-09-26 15:00:00+00:00,2026-09-28 11:00:00+00:00,44.0,21.0,88,Precip 76%,25.6
Worcester,Massachusetts,MINOR,3,2026-09-26 15:00:00+00:00,2026-09-28 23:00:00+00:00,56.0,22.0,91,Precip 69%,25.6
Cumberland,Maine,MINOR,3,2026-09-26 18:00:00+00:00,2026-09-29 05:00:00+00:00,59.0,20.0,92,Precip 66%,28.6
York,Maine,MINOR,3,2026-09-26 18:00:00+00:00,2026-09-29 04:00:00+00:00,58.0,20.0,93,Precip 71%,28.6
Fairfield,Connecticut,MINOR,2,2026-09-26 03:00:00+00:00,2026-09-26 05:00:00+00:00,2.0,21.0,62,Precip 62%,13.6
Hartford,Connecticut,MINOR,2,2026-09-26 06:00:00+00:00,2026-09-26 08:00:00+00:00,2.0,23.0,64,Precip 62%,16.6
Westchester,New York,MINOR,2,2026-09-26 09:00:00+00:00,2026-09-26 11:00:00+00:00,2.0,20.0,64,Precip 64%,19.6
Worcester,Massachusetts,MINOR,2,2026-09-26 09:00:00+00:00,2026-09-26 11:00:00+00:00,2.0,23.0,61,Precip 60%,19.6
Middlesex,Massachusetts,MINOR,2,2026-09-26 10:00:00+00:00,2026-09-26 11:00:00+00:00,1.0,21.0,62,Precip 62%,20.6
Hartford,Connecticut,MINOR,2,2026-09-26 15:00:00+00:00,2026-09-28 18:00:00+00:00,51.0,22.0,87,Precip 66%,25.6
Rockingham,NH,MINOR,2,2026-09-26 16:00:00+00:00,2026-09-29 02:00:00+00:00,58.0,15.0,93,Precip 60%,26.6
Hillsborough,NH,MINOR,2,2026-09-26 19:00:00+00:00,2026-09-28 23:00:00+00:00,52.0,15.0,89,Precip 60%,29.6
Androscoggin,Maine,MINOR,2,2026-09-26 23:00:00+00:00,2026-09-27 07:00:00+00:00,8.0,15.0,68,Precip 62%,33.6
Kennebec,Maine,MINOR,2,2026-09-27 00:00:00+00:00,2026-09-27 09:00:00+00:00,9.0,20.0,64,Precip 64%,34.6
Bucks,PA,MINOR,2,2026-09-27 06:00:00+00:00,2026-09-27 23:00:00+00:00,17.0,15.0,81,Precip 77%,40.6
Chester,PA,MINOR,2,2026-09-27 06:00:00+00:00,2026-09-27 23:00:00+00:00,17.0,15.0,74,Precip 73%,40.6
Montgomery,PA,MINOR,2,2026-09-27 06:00:00+00:00,2026-09-27 23:00:00+00:00,17.0,15.0,78,Precip 75%,40.6
Androscoggin,Maine,MINOR,2,2026-09-27 20:00:00+00:00,2026-09-29 05:00:00+00:00,33.0,15.0,82,Precip 60%,54.6
Kennebec,Maine,MINOR,2,2026-09-28 00:00:00+00:00,2026-09-29 08:00:00+00:00,32.0,15.0,79,Precip 62%,58.6
Penobscot,Maine,MINOR,2,2026-09-28 06:00:00+00:00,2026-09-29 09:00:00+00:00,27.0,16.0,76,Precip 63%,64.6
