county,state,storm_tier,peak_severity,start_time,end_time,duration_hrs,max_wind_mph,max_precip_pct,primary_trigger,hours_ahead,predicted_customers,ci_low,ci_high,confidence_level,model_version,is_major_outage_likely,is_critical_outage_likely,predicted_at,prediction_id
Worcester,Massachusetts,MINOR,3,2026-09-26 15:00:00+00:00,2026-09-28 23:00:00+00:00,56.0,22.0,91,Precip 69%,25.6,10188,5603,14772,HIGH,v4,True,True,2026-09-25T13:23:54.614304,Worcester_Massachusetts_2026092615
Essex,Massachusetts,MODERATE,3,2026-09-26 03:00:00+00:00,2026-09-29 02:00:00+00:00,71.0,26.0,94,Wind 25.0mph,13.6,9401,4700,14101,MEDIUM,v4,True,False,2026-09-25T13:23:54.326560,Essex_Massachusetts_2026092603
Middlesex,Massachusetts,MINOR,3,2026-09-26 15:00:00+00:00,2026-09-29 00:00:00+00:00,57.0,22.0,92,Precip 68%,25.6,8187,4503,11871,HIGH,v4,True,False,2026-09-25T13:23:54.528384,Middlesex_Massachusetts_2026092615
Ocean,New Jersey,MODERATE,3,2026-09-25 16:00:00+00:00,2026-09-28 05:00:00+00:00,61.0,25.0,86,Wind 25.0mph,2.6,7681,3841,11522,MEDIUM,v4,True,False,2026-09-25T13:23:54.224480,Ocean_New_Jersey_2026092516
Monmouth,New Jersey,MODERATE,3,2026-09-26 00:00:00+00:00,2026-09-28 05:00:00+00:00,53.0,25.0,87,Wind 25.0mph,10.6,6040,3020,9060,MEDIUM,v4,True,False,2026-09-25T13:23:54.288835,Monmouth_New_Jersey_2026092600
York,Maine,MINOR,3,2026-09-26 18:00:00+00:00,2026-09-29 04:00:00+00:00,58.0,20.0,93,Precip 71%,28.6,4461,2453,6468,HIGH,v4,True,False,2026-09-25T13:23:54.662819,York_Maine_2026092618
Suffolk,New York,MODERATE,3,2026-09-25 21:00:00+00:00,2026-09-28 17:00:00+00:00,68.0,32.0,94,Precip 65%,7.6,4361,2180,6541,MEDIUM,v4,True,False,2026-09-25T13:23:54.267937,Suffolk_New_York_2026092521
Providence,Rhode Island,MINOR,3,2026-09-26 00:00:00+00:00,2026-09-28 23:00:00+00:00,71.0,28.0,93,Wind 25.0mph,10.6,4283,2355,6210,HIGH,v4,True,False,2026-09-25T13:23:54.309005,Providence_Rhode_Island_2026092600
Middlesex,New Jersey,MINOR,3,2026-09-26 11:00:00+00:00,2026-09-28 05:00:00+00:00,42.0,20.0,83,Precip 61%,21.6,4226,2324,6127,HIGH,v4,True,False,2026-09-25T13:23:54.428306,Middlesex_New_Jersey_2026092611
Essex,New Jersey,MODERATE,3,2026-09-26 12:00:00+00:00,2026-09-28 05:00:00+00:00,41.0,23.0,85,Heavy precip 74% + wind,22.6,3681,1841,5522,MEDIUM,v4,True,False,2026-09-25T13:23:54.450505,Essex_New_Jersey_2026092612
New Haven,Connecticut,MODERATE,3,2026-09-26 03:00:00+00:00,2026-09-28 17:00:00+00:00,62.0,26.0,90,Precip 65%,13.6,3379,1689,5068,MEDIUM,v4,True,False,2026-09-25T13:23:54.368762,New_Haven_Connecticut_2026092603
Nassau,New York,MODERATE,3,2026-09-26 03:00:00+00:00,2026-09-28 11:00:00+00:00,56.0,26.0,94,Precip 65%,13.6,3356,1678,5035,MEDIUM,v4,True,False,2026-09-25T13:23:54.347037,Nassau_New_York_2026092603
Cumberland,Maine,MINOR,3,2026-09-26 18:00:00+00:00,2026-09-29 05:00:00+00:00,59.0,20.0,92,Precip 66%,28.6,3341,1837,4844,HIGH,v4,True,False,2026-09-25T13:23:54.640316,Cumberland_Maine_2026092618
Fairfield,Connecticut,MODERATE,3,2026-09-26 15:00:00+00:00,2026-09-28 17:00:00+00:00,50.0,25.0,89,Heavy precip 74% + wind,25.6,3182,1591,4772,MEDIUM,v4,True,False,2026-09-25T13:23:54.508095,Fairfield_Connecticut_2026092615
Westchester,New York,MINOR,3,2026-09-26 15:00:00+00:00,2026-09-28 11:00:00+00:00,44.0,21.0,88,Precip 76%,25.6,2942,1618,4266,HIGH,v4,True,False,2026-09-25T13:23:54.592794,Westchester_New_York_2026092615
Bergen,New Jersey,MINOR,3,2026-09-26 09:00:00+00:00,2026-09-28 11:00:00+00:00,50.0,20.0,88,Precip 60%,19.6,2783,1530,4035,HIGH,v4,True,False,2026-09-25T13:23:54.388637,Bergen_New_Jersey_2026092609
Suffolk,Massachusetts,MODERATE,3,2026-09-25 17:00:00+00:00,2026-09-29 01:00:00+00:00,80.0,31.0,95,Wind 25.0mph,3.6,2304,1152,3456,MEDIUM,v4,True,False,2026-09-25T13:23:54.248426,Suffolk_Massachusetts_2026092517
Fairfield,Connecticut,MODERATE,3,2026-09-26 09:00:00+00:00,2026-09-26 11:00:00+00:00,2.0,23.0,74,Heavy precip 74% + wind,19.6,1876,938,2814,MEDIUM,v4,True,False,2026-09-25T13:23:54.408571,Fairfield_Connecticut_2026092609
Philadelphia,PA,MINOR,3,2026-09-26 15:00:00+00:00,2026-09-27 23:00:00+00:00,32.0,20.0,85,Precip 64%,25.6,1726,950,2503,HIGH,v4,True,False,2026-09-25T13:23:54.568611,Philadelphia_PA_2026092615
Bucks,PA,MODERATE,3,2026-09-26 15:00:00+00:00,2026-09-26 23:00:00+00:00,8.0,20.0,80,Precip 60%,25.6,200,100,300,MEDIUM,v4,False,False,2026-09-25T13:23:54.469558,Bucks_PA_2026092615
Chester,PA,MINOR,3,2026-09-26 15:00:00+00:00,2026-09-26 23:00:00+00:00,8.0,20.0,84,Precip 60%,25.6,200,110,290,HIGH,v4,False,False,2026-09-25T13:23:54.484770,Chester_PA_2026092615
Montgomery,PA,MODERATE,3,2026-09-26 15:00:00+00:00,2026-09-26 22:00:00+00:00,7.0,20.0,83,Precip 60%,25.6,200,100,300,MEDIUM,v4,False,False,2026-09-25T13:23:54.549710,Montgomery_PA_2026092615
Middlesex,Massachusetts,MINOR,2,2026-09-26 10:00:00+00:00,2026-09-26 11:00:00+00:00,1.0,21.0,62,Precip 62%,20.6,7232,3977,10486,HIGH,v4,True,False,2026-09-25T13:23:54.784217,Middlesex_Massachusetts_2026092610
Worcester,Massachusetts,MINOR,2,2026-09-26 09:00:00+00:00,2026-09-26 11:00:00+00:00,2.0,23.0,61,Precip 60%,19.6,6956,3826,10086,HIGH,v4,True,False,2026-09-25T13:23:54.754321,Worcester_Massachusetts_2026092609
Hartford,Connecticut,MINOR,2,2026-09-26 15:00:00+00:00,2026-09-28 18:00:00+00:00,51.0,22.0,87,Precip 66%,25.6,5286,2907,7664,HIGH,v4,True,False,2026-09-25T13:23:54.805703,Hartford_Connecticut_2026092615
Kennebec,Maine,MINOR,2,2026-09-28 00:00:00+00:00,2026-09-29 08:00:00+00:00,32.0,15.0,79,Precip 62%,58.6,3534,1944,5125,HIGH,v4,True,False,2026-09-25T13:23:54.980262,Kennebec_Maine_2026092800
Hartford,Connecticut,MINOR,2,2026-09-26 06:00:00+00:00,2026-09-26 08:00:00+00:00,2.0,23.0,64,Precip 62%,16.6,3496,1923,5069,HIGH,v4,True,False,2026-09-25T13:23:54.708305,Hartford_Connecticut_2026092606
Penobscot,Maine,MINOR,2,2026-09-28 06:00:00+00:00,2026-09-29 09:00:00+00:00,27.0,16.0,76,Precip 63%,64.6,3311,1821,4801,HIGH,v4,True,False,2026-09-25T13:23:55.003152,Penobscot_Maine_2026092806
Androscoggin,Maine,MINOR,2,2026-09-27 20:00:00+00:00,2026-09-29 05:00:00+00:00,33.0,15.0,82,Precip 60%,54.6,3027,1665,4390,HIGH,v4,True,False,2026-09-25T13:23:54.958208,Androscoggin_Maine_2026092720
Westchester,New York,MINOR,2,2026-09-26 09:00:00+00:00,2026-09-26 11:00:00+00:00,2.0,20.0,64,Precip 64%,19.6,1788,983,2592,HIGH,v4,True,False,2026-09-25T13:23:54.730744,Westchester_New_York_2026092609
Rockingham,NH,MINOR,2,2026-09-26 16:00:00+00:00,2026-09-29 02:00:00+00:00,58.0,15.0,93,Precip 60%,26.6,1730,951,2508,HIGH,v4,True,False,2026-09-25T13:23:54.825151,Rockingham_NH_2026092616
Hillsborough,NH,MINOR,2,2026-09-26 19:00:00+00:00,2026-09-28 23:00:00+00:00,52.0,15.0,89,Precip 60%,29.6,1730,951,2508,HIGH,v4,True,False,2026-09-25T13:23:54.841124,Hillsborough_NH_2026092619
Fairfield,Connecticut,MINOR,2,2026-09-26 03:00:00+00:00,2026-09-26 05:00:00+00:00,2.0,21.0,62,Precip 62%,13.6,1601,881,2322,HIGH,v4,True,False,2026-09-25T13:23:54.687304,Fairfield_Connecticut_2026092603
Bucks,PA,MINOR,2,2026-09-27 06:00:00+00:00,2026-09-27 23:00:00+00:00,17.0,15.0,81,Precip 77%,40.6,1550,853,2248,HIGH,v4,True,False,2026-09-25T13:23:54.904106,Bucks_PA_2026092706
Chester,PA,MINOR,2,2026-09-27 06:00:00+00:00,2026-09-27 23:00:00+00:00,17.0,15.0,74,Precip 73%,40.6,1550,853,2248,HIGH,v4,True,False,2026-09-25T13:23:54.920076,Chester_PA_2026092706
Montgomery,PA,MINOR,2,2026-09-27 06:00:00+00:00,2026-09-27 23:00:00+00:00,17.0,15.0,78,Precip 75%,40.6,1550,853,2248,HIGH,v4,True,False,2026-09-25T13:23:54.938161,Montgomery_PA_2026092706
Kennebec,Maine,MINOR,2,2026-09-27 00:00:00+00:00,2026-09-27 09:00:00+00:00,9.0,20.0,64,Precip 64%,34.6,651,358,945,HIGH,v4,False,False,2026-09-25T13:23:54.885078,Kennebec_Maine_2026092700
Androscoggin,Maine,MINOR,2,2026-09-26 23:00:00+00:00,2026-09-27 07:00:00+00:00,8.0,15.0,68,Precip 62%,33.6,200,110,290,HIGH,v4,False,False,2026-09-25T13:23:54.862205,Androscoggin_Maine_2026092623
